Exchange ID,Top ID,Disp Order,Pay Item Name,Pay Item Num,Change Item Name,Change Item Num,Start Date,End Date
27,2000,202,好友积分,1000,增加可关注上限,1,2023-08-16 21:00:00,2050-08-01 15:59:59
2001,2000,3,好友积分,10000,[乌菈菈～的休息日]春乌菈菈,1,2023-08-16 21:00:00,2050-08-01 15:59:59
2002,2000,4,好友积分,2000,米浴的碎片,5,2023-08-16 21:00:00,2023-09-30 20:59:59
2003,2000,4,好友积分,2000,黄金船的碎片,5,2023-11-03 04:00:00,2023-11-17 20:59:59
2004,2000,5,好友积分,1500,协助积分,1000,2023-11-03 04:00:00,2023-11-17 20:59:59
2005,2000,6,好友积分,20000,养成优俊少女招募券,1,2017-05-31 16:00:00,2050-08-01 15:59:59
2006,2000,7,好友积分,20000,协助卡招募券,1,2017-05-31 16:00:00,2050-08-01 15:59:59
2007,2000,1,好友积分,2000,黄金船的碎片,5,2025-10-20 04:00:00,2025-11-08 20:59:59
2008,2000,2,好友积分,3000,特别周的碎片,5,2025-10-20 04:00:00,2025-11-08 20:59:59
2201,2000,201,好友积分,1000,协助积分,1000,2023-08-16 21:00:00,2050-08-01 15:59:59
2301,2000,301,好友积分,1000,二月锦标赛优胜锦旗,1,2023-08-16 21:00:00,2050-08-01 15:59:59
2302,2000,302,好友积分,1000,中京短途赛优胜锦旗,1,2023-08-16 21:00:00,2050-08-01 15:59:59
2303,2000,303,好友积分,1000,维多利亚英里赛优胜锦旗,1,2023-08-16 21:00:00,2050-08-01 15:59:59
2304,2000,304,好友积分,1000,全国德比优胜锦旗,1,2023-08-16 21:00:00,2050-08-01 15:59:59
2305,2000,305,好友积分,1000,东京英里赛优胜锦旗,1,2023-08-16 21:00:00,2050-08-01 15:59:59
2306,2000,306,好友积分,1000,英里冠军赛优胜锦旗,1,2023-08-16 21:00:00,2050-08-01 15:59:59
2307,2000,101,好友积分,1000,启发书,1,2025-09-05 04:00:00,2050-08-01 15:59:59
2308,2000,102,好友积分,2000,启发专业书,1,2025-09-05 04:00:00,2050-08-01 15:59:59
2309,2000,110,好友积分,4000,稀有启发书,1,2025-09-05 04:00:00,2050-08-01 15:59:58
2310,2000,111,好友积分,6000,稀有启发专业书,1,2025-09-05 04:00:00,2050-08-01 15:59:58
3101,3000,100101,女神像,1,特别周的碎片,1,2017-06-30 17:00:00,2050-08-01 15:59:59
3102,3000,100201,女神像,1,无声铃鹿的碎片,1,2017-06-30 17:00:00,2050-08-01 15:59:59
3103,3000,100301,女神像,1,东海帝王的碎片,1,2017-06-30 17:00:00,2050-08-01 15:59:59
3104,3000,100401,女神像,1,丸善斯基的碎片,1,2017-06-30 17:00:00,2050-08-01 15:59:59
3105,3000,100601,女神像,1,小栗帽的碎片,1,2017-06-30 17:00:00,2050-08-01 15:59:59
3106,3000,101001,女神像,1,大树快车的碎片,1,2017-06-30 17:00:00,2050-08-01 15:59:59
3107,3000,101301,女神像,1,目白麦昆的碎片,1,2017-06-30 17:00:00,2050-08-01 15:59:59
3108,3000,101701,女神像,1,鲁道夫象征的碎片,1,2017-06-30 17:00:00,2050-08-01 15:59:59
3109,3000,103001,女神像,1,米浴的碎片,1,2017-06-30 17:00:00,2050-08-01 15:59:59
3110,3000,101501,女神像,1,好歌剧的碎片,1,2023-09-05 04:00:00,2050-08-01 15:59:59
3111,3000,102601,女神像,1,美浦波旁的碎片,1,2023-09-12 04:00:00,2050-08-01 15:59:59
3112,3000,102301,女神像,1,琵琶晨光的碎片,1,2023-09-21 04:00:00,2050-08-01 15:59:59
3113,3000,100302,女神像,1,东海帝王的碎片,1,2023-10-03 04:00:00,2050-08-01 15:59:59
3114,3000,101302,女神像,1,目白麦昆的碎片,1,2023-10-03 04:00:00,2050-08-01 15:59:59
3115,3000,103801,女神像,1,真机伶的碎片,1,2023-10-19 04:00:00,2050-08-01 15:59:59
3116,3000,105001,女神像,1,成田大进的碎片,1,2023-10-30 04:00:00,2050-08-01 15:59:59
3117,3000,104601,女神像,1,醒目飞鹰的碎片,1,2023-11-09 04:00:00,2050-08-01 15:59:59
3118,3000,101601,女神像,1,成田白仁的碎片,1,2023-11-20 04:00:00,2050-08-01 15:59:59
3119,3000,101802,女神像,1,气槽的碎片,1,2023-12-01 04:00:00,2050-08-01 15:59:59
3120,3000,102402,女神像,1,重炮的碎片,1,2023-12-01 04:00:00,2050-08-01 15:59:59
3121,3000,102001,女神像,1,青云天空的碎片,1,2023-12-14 04:00:00,2050-08-01 15:59:59
3122,3000,101201,女神像,1,菱亚马逊的碎片,1,2023-12-25 04:00:00,2050-08-01 15:59:59
3123,3000,101102,女神像,1,草上飞的碎片,1,2024-01-02 04:00:00,2050-08-01 15:59:59
3124,3000,101402,女神像,1,神鹰的碎片,1,2024-01-02 04:00:00,2050-08-01 15:59:59
3125,3000,100501,女神像,1,富士奇石的碎片,1,2024-01-15 04:00:00,2050-08-01 15:59:59
3126,3000,104001,女神像,1,黄金城的碎片,1,2024-01-23 04:00:00,2050-08-01 15:59:59
3127,3000,100102,女神像,1,特别周的碎片,1,2024-02-01 04:00:00,2050-08-01 15:59:59
3128,3000,100402,女神像,1,丸善斯基的碎片,1,2024-02-01 04:00:00,2050-08-01 15:59:59
3129,3000,105801,女神像,1,名将怒涛的碎片,1,2024-02-14 04:00:00,2050-08-01 15:59:59
3130,3000,103701,女神像,1,荣进闪耀的碎片,1,2024-02-23 04:00:00,2050-08-01 15:59:59
3131,3000,105602,女神像,1,待兼福来的碎片,1,2025-05-21 04:00:00,2050-08-01 15:59:59
3132,3000,102801,女神像,1,菱曙的碎片,1,2025-05-26 04:00:00,2050-08-01 15:59:59
3133,3000,101901,女神像,1,爱丽数码的碎片,1,2025-05-29 04:00:00,2050-08-01 15:59:59
3134,3000,103002,女神像,1,米浴的碎片,1,2025-06-03 04:00:00,2050-08-01 15:59:59
3135,3000,104502,女神像,1,超级溪流的碎片,1,2025-06-03 04:00:00,2050-08-01 15:59:59
3136,3000,103901,女神像,1,川上公主的碎片,1,2025-06-12 04:00:00,2050-08-01 15:59:59
3137,3000,102501,女神像,1,曼城茶座的碎片,1,2025-06-18 04:00:00,2050-08-01 15:59:59
3138,3000,101702,女神像,1,鲁道夫象征的碎片,1,2025-06-21 04:00:00,2050-08-01 15:59:59
3139,3000,104002,女神像,1,黄金城的碎片,1,2025-06-21 04:00:00,2050-08-01 15:59:59
3140,3000,104801,女神像,1,岛川乔丹的碎片,1,2025-06-30 04:00:00,2050-08-01 15:59:59
3141,3000,105901,女神像,1,目白多伯的碎片,1,2025-07-04 04:00:00,2050-08-01 15:59:59
3142,3000,100602,女神像,1,小栗帽的碎片,1,2025-07-09 04:00:00,2050-08-01 15:59:59
3143,3000,102302,女神像,1,琵琶晨光的碎片,1,2025-07-09 04:00:00,2050-08-01 15:59:59
3144,3000,102201,女神像,1,美妙姿势的碎片,1,2025-07-17 04:00:00,2050-08-01 15:59:59
3145,3000,102101,女神像,1,玉藻十字的碎片,1,2025-07-21 04:00:00,2050-08-01 15:59:59
3146,3000,101502,女神像,1,好歌剧的碎片,1,2025-07-29 04:00:00,2050-08-01 15:59:59
3147,3000,105202,女神像,1,春乌菈菈的碎片,1,2025-07-29 04:00:00,2050-08-01 15:59:59
3148,3000,106901,女神像,1,樱花千代王的碎片,1,2025-08-11 04:00:00,2050-08-01 15:59:59
3149,3000,102602,女神像,1,美浦波旁的碎片,1,2025-08-16 04:00:00,2050-08-01 15:59:59
3150,3000,103702,女神像,1,荣进闪耀的碎片,1,2025-08-16 04:00:00,2050-08-01 15:59:59
3151,3000,107101,女神像,1,目白雅丹的碎片,1,2025-08-25 04:00:00,2050-08-01 15:59:59
3152,3000,103301,女神像,1,爱慕织姬的碎片,1,2025-08-28 04:00:00,2050-08-01 15:59:59
3153,3000,106801,女神像,1,北部玄驹的碎片,1,2025-09-05 04:00:00,2050-08-01 15:59:59
3154,3000,106701,女神像,1,里见光钻的碎片,1,2025-09-16 04:00:00,2050-08-01 15:59:59
3155,3000,107401,女神像,1,目白光明的碎片,1,2025-09-27 04:00:00,2050-08-01 15:59:59
3156,3000,100502,女神像,1,富士奇石的碎片,1,2025-09-29 04:00:00,2050-08-01 15:59:59
3157,3000,102002,女神像,1,青云天空的碎片,1,2025-09-29 04:00:00,2050-08-01 15:59:59
3158,3000,105101,女神像,1,西野花的碎片,1,2025-10-06 04:00:00,2050-08-01 15:59:59
3159,3000,107201,女神像,1,八重无敌的碎片,1,2025-10-13 04:00:00,2050-08-01 15:59:59
3160,3000,106002,女神像,1,优秀素质的碎片,1,2025-10-20 04:00:00,2050-08-01 15:59:59
3161,3000,106102,女神像,1,帝王光辉的碎片,1,2025-10-20 04:00:00,2050-08-01 15:59:59
3162,3000,103101,女神像,1,艾尼风神的碎片,1,2025-10-30 04:00:00,2050-08-01 15:59:59
3163,3000,106401,女神像,1,目白善信的碎片,1,2025-11-03 04:00:00,2050-08-01 15:59:59
3164,3000,102202,女神像,1,美妙姿势的碎片,1,2025-11-07 04:00:00,2050-08-01 15:59:59
3165,3000,103802,女神像,1,真机伶的碎片,1,2025-11-07 04:00:00,2050-08-01 15:59:59
3166,3000,103401,女神像,1,稻荷一的碎片,1,2025-11-17 04:00:00,2050-08-01 15:59:59
3167,3000,104401,女神像,1,东商变革的碎片,1,2025-11-23 04:00:00,2050-08-01 15:59:59
3168,3000,101002,女神像,1,大树快车的碎片,1,2025-11-27 04:00:00,2050-08-01 15:59:59
3169,3000,105902,女神像,1,目白多伯的碎片,1,2025-11-27 04:00:00,2050-08-01 15:59:59
3170,3000,103601,女神像,1,空中神宫的碎片,1,2025-12-05 04:00:00,2050-08-01 15:59:59
3171,3000,100103,女神像,1,特别周的碎片,1,2025-12-12 04:00:00,2050-08-01 15:59:59
3201,3000,100701,女神像,1,黄金船的碎片,1,2017-06-30 17:00:00,2050-08-01 15:59:59
3202,3000,100801,女神像,1,伏特加的碎片,1,2017-06-30 17:00:00,2050-08-01 15:59:59
3203,3000,100901,女神像,1,大和赤骥的碎片,1,2017-06-30 17:00:00,2050-08-01 15:59:59
3204,3000,101101,女神像,1,草上飞的碎片,1,2017-06-30 17:00:00,2050-08-01 15:59:59
3205,3000,101401,女神像,1,神鹰的碎片,1,2017-06-30 17:00:00,2050-08-01 15:59:59
3206,3000,101801,女神像,1,气槽的碎片,1,2017-06-30 17:00:00,2050-08-01 15:59:59
3207,3000,102401,女神像,1,重炮的碎片,1,2017-06-30 17:00:00,2050-08-01 15:59:59
3208,3000,104501,女神像,1,超级溪流的碎片,1,2017-06-30 17:00:00,2050-08-01 15:59:59
3209,3000,106201,女神像,1,待兼唐怀瑟的碎片,1,2025-09-05 04:00:00,2050-08-01 15:59:59
3301,3000,102701,女神像,1,目白莱恩的碎片,1,2017-06-30 17:00:00,2050-08-01 15:59:59
3302,3000,103201,女神像,1,爱丽速子的碎片,1,2017-06-30 17:00:00,2050-08-01 15:59:59
3303,3000,103501,女神像,1,胜利奖券的碎片,1,2017-06-30 17:00:00,2050-08-01 15:59:59
3304,3000,104101,女神像,1,樱花进王的碎片,1,2017-06-30 17:00:00,2050-08-01 15:59:59
3305,3000,105201,女神像,1,春乌菈菈的碎片,1,2017-06-30 17:00:00,2050-08-01 15:59:59
3306,3000,105601,女神像,1,待兼福来的碎片,1,2017-06-30 17:00:00,2050-08-01 15:59:59
3307,3000,106001,女神像,1,优秀素质的碎片,1,2017-06-30 17:00:00,2050-08-01 15:59:59
3308,3000,106101,女神像,1,帝王光辉的碎片,1,2017-06-30 17:00:00,2050-08-01 15:59:59
4101,4000,101,四叶草,200,养成优俊少女招募券,1,2017-05-31 16:00:00,2050-08-01 15:59:59
4102,4000,102,四叶草,200,协助卡招募券,1,2017-05-31 16:00:00,2050-08-01 15:59:59
4201,4000,201,四叶草,30,金币,5000,2017-05-31 16:00:00,2050-08-01 15:59:59
4301,4000,301,四叶草,30,闹钟,1,2017-05-31 16:00:00,2050-08-01 15:59:59
4401,4000,401,四叶草,20,干劲满溢甜点,1,2017-05-31 16:00:00,2050-08-01 15:59:59
4402,4000,402,四叶草,20,晴天娃娃,1,2017-05-31 16:00:00,2050-08-01 15:59:59
4403,4000,403,四叶草,20,雨天娃娃,1,2017-05-31 16:00:00,2050-08-01 15:59:59
4404,4000,404,四叶草,20,内道抽选球,1,2017-05-31 16:00:00,2050-08-01 15:59:59
4405,4000,405,四叶草,20,外道抽选球,1,2017-05-31 16:00:00,2050-08-01 15:59:59
4601,4000,601,四叶草,100,樱花奖优胜锦旗,1,2017-05-31 16:00:00,2050-08-01 15:59:59
4602,4000,602,四叶草,100,天王奖（春）优胜锦旗,1,2017-05-31 16:00:00,2050-08-01 15:59:59
4603,4000,603,四叶草,100,奥克斯优胜锦旗,1,2017-05-31 16:00:00,2050-08-01 15:59:59
4604,4000,604,四叶草,100,秋华奖优胜锦旗,1,2017-05-31 16:00:00,2050-08-01 15:59:59
4605,4000,605,四叶草,100,天王奖（秋）优胜锦旗,1,2017-05-31 16:00:00,2050-08-01 15:59:59
4606,4000,606,四叶草,100,全国冠军杯优胜锦旗,1,2017-05-31 16:00:00,2050-08-01 15:59:59
5001,5000,1,新手冲刺3★兑换券,1,[特别追梦者]特别周,1,2017-05-31 16:00:00,2050-08-01 15:59:59
5002,5000,2,新手冲刺3★兑换券,1,[无声无瑕]无声铃鹿,1,2017-05-31 16:00:00,2050-08-01 15:59:59
5003,5000,3,新手冲刺3★兑换券,1,[喜乐无边]东海帝王,1,2017-05-31 16:00:00,2050-08-01 15:59:59
5004,5000,4,新手冲刺3★兑换券,1,[绯红方程式]丸善斯基,1,2017-05-31 16:00:00,2050-08-01 15:59:59
5005,5000,5,新手冲刺3★兑换券,1,[星光跃动]小栗帽,1,2017-05-31 16:00:00,2050-08-01 15:59:59
5006,5000,6,新手冲刺3★兑换券,1,[狂野前线]大树快车,1,2017-05-31 16:00:00,2050-08-01 15:59:59
5007,5000,7,新手冲刺3★兑换券,1,[优雅曲线]目白麦昆,1,2017-05-31 16:00:00,2050-08-01 15:59:59
5008,5000,8,新手冲刺3★兑换券,1,[皇帝]鲁道夫象征,1,2017-05-31 16:00:00,2050-08-01 15:59:59
5009,5000,9,新手冲刺3★兑换券,1,[玫瑰之梦]米浴,1,2017-05-31 16:00:00,2050-08-01 15:59:59
5100,5001,0,优俊箱2 3★兑换券,1,[特别追梦者]特别周,1,2021-08-16 16:00:00,2050-08-01 15:59:59
5101,5001,0,优俊箱2 3★兑换券,1,[雀跃♪维他命心拍]特别周,1,2021-08-16 16:00:00,2050-08-01 15:59:59
5102,5001,0,优俊箱2 3★兑换券,1,[无声无瑕]无声铃鹿,1,2021-08-16 16:00:00,2050-08-01 15:59:59
5103,5001,0,优俊箱2 3★兑换券,1,[喜乐无边]东海帝王,1,2021-08-16 16:00:00,2050-08-01 15:59:59
5104,5001,0,优俊箱2 3★兑换券,1,[飞跃地平线]东海帝王,1,2021-08-16 16:00:00,2050-08-01 15:59:59
5105,5001,0,优俊箱2 3★兑换券,1,[绯红方程式]丸善斯基,1,2021-08-16 16:00:00,2050-08-01 15:59:59
5106,5001,0,优俊箱2 3★兑换券,1,[飞跃☆夏夜]丸善斯基,1,2021-08-16 16:00:00,2050-08-01 15:59:59
5107,5001,0,优俊箱2 3★兑换券,1,[流星歌剧]富士奇石,1,2021-08-16 16:00:00,2050-08-01 15:59:59
5108,5001,0,优俊箱2 3★兑换券,1,[星光跃动]小栗帽,1,2021-08-16 16:00:00,2050-08-01 15:59:59
5109,5001,0,优俊箱2 3★兑换券,1,[狂野前线]大树快车,1,2021-08-16 16:00:00,2050-08-01 15:59:59
5110,5001,0,优俊箱2 3★兑换券,1,[圣翠治愈师]草上飞,1,2021-08-16 16:00:00,2050-08-01 15:59:59
5111,5001,0,优俊箱2 3★兑换券,1,[亚马逊青金石]菱亚马逊,1,2021-08-16 16:00:00,2050-08-01 15:59:59
5112,5001,0,优俊箱2 3★兑换券,1,[优雅曲线]目白麦昆,1,2021-08-16 16:00:00,2050-08-01 15:59:59
5113,5001,0,优俊箱2 3★兑换券,1,[天际尽头]目白麦昆,1,2021-08-16 16:00:00,2050-08-01 15:59:59
5114,5001,0,优俊箱2 3★兑换券,1,[羽蛇武斗家]神鹰,1,2021-08-16 16:00:00,2050-08-01 15:59:59
5115,5001,0,优俊箱2 3★兑换券,1,[O sole suo！]好歌剧,1,2021-08-16 16:00:00,2050-08-01 15:59:59
5116,5001,0,优俊箱2 3★兑换券,1,[Maverick]成田白仁,1,2021-08-16 16:00:00,2050-08-01 15:59:59
5117,5001,0,优俊箱2 3★兑换券,1,[皇帝]鲁道夫象征,1,2021-08-16 16:00:00,2050-08-01 15:59:59
5118,5001,0,优俊箱2 3★兑换券,1,[橡木王冠]气槽,1,2021-08-16 16:00:00,2050-08-01 15:59:59
5119,5001,0,优俊箱2 3★兑换券,1,[青云垂钓者]青云天空,1,2021-08-16 16:00:00,2050-08-01 15:59:59
5120,5001,0,优俊箱2 3★兑换券,1,[pf.胜利公式]琵琶晨光,1,2021-08-16 16:00:00,2050-08-01 15:59:59
5121,5001,0,优俊箱2 3★兑换券,1,[阳光花束]重炮,1,2021-08-16 16:00:00,2050-08-01 15:59:59
5122,5001,0,优俊箱2 3★兑换券,1,[MB-19890425]美浦波旁,1,2021-08-16 16:00:00,2050-08-01 15:59:59
5123,5001,0,优俊箱2 3★兑换券,1,[玫瑰之梦]米浴,1,2021-08-16 16:00:00,2050-08-01 15:59:59
5124,5001,0,优俊箱2 3★兑换券,1,[闪电少女]真机伶,1,2021-08-16 16:00:00,2050-08-01 15:59:59
5125,5001,0,优俊箱2 3★兑换券,1,[真我/1928]黄金城,1,2021-08-16 16:00:00,2050-08-01 15:59:59
5126,5001,0,优俊箱2 3★兑换券,1,[绝对☆LOVE]醒目飞鹰,1,2021-08-16 16:00:00,2050-08-01 15:59:59
5127,5001,0,优俊箱2 3★兑换券,1,[Nevertheless]成田大进,1,2021-08-16 16:00:00,2050-08-01 15:59:59
5128,5001,0,优俊箱2 3★兑换券,1,[苍蓝/怒涛]名将怒涛,1,2021-08-16 16:00:00,2050-08-01 15:59:59
6001,5500,1,新手冲刺超稀有兑换券,1,[献上全国第一的演出]特别周,1,2017-05-31 16:00:00,2050-08-01 15:59:59
6002,5500,2,新手冲刺超稀有兑换券,1,[在耀眼景色的前方]无声铃鹿,1,2017-05-31 16:00:00,2050-08-01 15:59:59
6003,5500,3,新手冲刺超稀有兑换券,1,[有梦想就要大声说出来！]东海帝王,1,2017-05-31 16:00:00,2050-08-01 15:59:59
6004,5500,4,新手冲刺超稀有兑换券,1,[不沉舰的进击]黄金船,1,2017-05-31 16:00:00,2050-08-01 15:59:59
6005,5500,5,新手冲刺超稀有兑换券,1,[伏特加之路]伏特加,1,2017-05-31 16:00:00,2050-08-01 15:59:59
6006,5500,6,新手冲刺超稀有兑换券,1,[万紫千红中一枝独秀]草上飞,1,2017-05-31 16:00:00,2050-08-01 15:59:59
6007,5500,7,新手冲刺超稀有兑换券,1,[热情的冠军！]神鹰,1,2017-05-31 16:00:00,2050-08-01 15:59:59
6008,5500,8,新手冲刺超稀有兑换券,1,[期待已久的计谋]青云天空,1,2017-05-31 16:00:00,2050-08-01 15:59:59
6009,5500,9,新手冲刺超稀有兑换券,1,[划破天空的闪电少女！]玉藻十字,1,2017-05-31 16:00:00,2050-08-01 15:59:59
6010,5500,10,新手冲刺超稀有兑换券,1,[全身心的感谢]美妙姿势,1,2017-05-31 16:00:00,2050-08-01 15:59:59
6011,5500,11,新手冲刺超稀有兑换券,1,[飞奔吧，闪耀吧]艾尼风神,1,2017-05-31 16:00:00,2050-08-01 15:59:59
6012,5500,12,新手冲刺超稀有兑换券,1,[B·N·Winner！]胜利奖券,1,2017-05-31 16:00:00,2050-08-01 15:59:59
6013,5500,13,新手冲刺超稀有兑换券,1,[冲向前方7厘米之外]空中神宫,1,2017-05-31 16:00:00,2050-08-01 15:59:59
6014,5500,14,新手冲刺超稀有兑换券,1,[Run（my）way]黄金城,1,2017-05-31 16:00:00,2050-08-01 15:59:59
6015,5500,15,新手冲刺超稀有兑换券,1,[好快！好吃！好快！]樱花进王,1,2017-05-31 16:00:00,2050-08-01 15:59:59
6016,5500,16,新手冲刺超稀有兑换券,1,[一颗安心糖]超级溪流,1,2017-05-31 16:00:00,2050-08-01 15:59:59
6017,5500,17,新手冲刺超稀有兑换券,1,[这就是我的优俊偶像之道☆]醒目飞鹰,1,2017-05-31 16:00:00,2050-08-01 15:59:59
6018,5500,18,新手冲刺超稀有兑换券,1,[哪怕还不能独当一面]西野花,1,2017-05-31 16:00:00,2050-08-01 15:59:59
6020,5500,20,新手冲刺超稀有兑换券,1,[必杀技！双胡萝卜拳！]微光飞驹,1,2017-05-31 16:00:00,2050-08-01 15:59:59
6021,5500,21,新手冲刺超稀有兑换券,1,[欢迎来到特雷森学园！]骏川手纲,1,2017-05-31 16:00:00,2050-08-01 15:59:59
6022,5501,1,半周年庆典 超稀有兑换券,1,[献上全国第一的演出]特别周,1,2021-08-30 04:00:00,2050-08-17 15:59:59
6023,5501,2,半周年庆典 超稀有兑换券,1,[在耀眼景色的前方]无声铃鹿,1,2021-08-30 04:00:00,2050-08-17 15:59:59
6024,5501,3,半周年庆典 超稀有兑换券,1,[有梦想就要大声说出来！]东海帝王,1,2021-08-30 04:00:00,2050-08-17 15:59:59
6025,5501,4,半周年庆典 超稀有兑换券,1,[不沉舰的进击]黄金船,1,2021-08-30 04:00:00,2050-08-17 15:59:59
6026,5501,5,半周年庆典 超稀有兑换券,1,[伏特加之路]伏特加,1,2021-08-30 04:00:00,2050-08-17 15:59:59
6027,5501,6,半周年庆典 超稀有兑换券,1,[万紫千红中一枝独秀]草上飞,1,2021-08-30 04:00:00,2050-08-17 15:59:59
6028,5501,7,半周年庆典 超稀有兑换券,1,[热情的冠军！]神鹰,1,2021-08-30 04:00:00,2050-08-17 15:59:59
6029,5501,8,半周年庆典 超稀有兑换券,1,[期待已久的计谋]青云天空,1,2021-08-30 04:00:00,2050-08-17 15:59:59
6030,5501,9,半周年庆典 超稀有兑换券,1,[划破天空的闪电少女！]玉藻十字,1,2021-08-30 04:00:00,2050-08-17 15:59:59
6031,5501,10,半周年庆典 超稀有兑换券,1,[全身心的感谢]美妙姿势,1,2021-08-30 04:00:00,2050-08-17 15:59:59
6032,5501,11,半周年庆典 超稀有兑换券,1,[飞奔吧，闪耀吧]艾尼风神,1,2021-08-30 04:00:00,2050-08-17 15:59:59
6033,5501,12,半周年庆典 超稀有兑换券,1,[B·N·Winner！]胜利奖券,1,2021-08-30 04:00:00,2050-08-17 15:59:59
6034,5501,13,半周年庆典 超稀有兑换券,1,[冲向前方7厘米之外]空中神宫,1,2021-08-30 04:00:00,2050-08-17 15:59:59
6035,5501,14,半周年庆典 超稀有兑换券,1,[Run（my）way]黄金城,1,2021-08-30 04:00:00,2050-08-17 15:59:59
6036,5501,15,半周年庆典 超稀有兑换券,1,[好快！好吃！好快！]樱花进王,1,2021-08-30 04:00:00,2050-08-17 15:59:59
6037,5501,16,半周年庆典 超稀有兑换券,1,[一颗安心糖]超级溪流,1,2021-08-30 04:00:00,2050-08-17 15:59:59
6038,5501,17,半周年庆典 超稀有兑换券,1,[这就是我的优俊偶像之道☆]醒目飞鹰,1,2021-08-30 04:00:00,2050-08-17 15:59:59
6039,5501,18,半周年庆典 超稀有兑换券,1,[哪怕还不能独当一面]西野花,1,2021-08-30 04:00:00,2050-08-17 15:59:59
6040,5501,19,半周年庆典 超稀有兑换券,1,[必杀技！双胡萝卜拳！]微光飞驹,1,2021-08-30 04:00:00,2050-08-17 15:59:59
6041,5501,20,半周年庆典 超稀有兑换券,1,[欢迎来到特雷森学园！]骏川手纲,1,2021-08-30 04:00:00,2050-08-17 15:59:59
6042,5501,21,半周年庆典 超稀有兑换券,1,[“要受人喜爱啊”]小栗帽,1,2021-08-30 04:00:00,2050-08-17 15:59:59
6043,5501,22,半周年庆典 超稀有兑换券,1,[涡轮引擎马力全开！]双涡轮,1,2021-08-30 04:00:00,2050-08-17 15:59:59
6044,5501,23,半周年庆典 超稀有兑换券,1,[尽管笑我傻吧]目白善信,1,2021-08-30 04:00:00,2050-08-17 15:59:59
6045,5501,24,半周年庆典 超稀有兑换券,1,[身后迫近的热浪是动力]北部玄驹,1,2021-08-30 04:00:00,2050-08-17 15:59:59
6046,5501,25,半周年庆典 超稀有兑换券,1,[超越那前方的背影]里见光钻,1,2021-08-30 04:00:00,2050-08-17 15:59:59
6047,5501,26,半周年庆典 超稀有兑换券,1,[由故乡直达的助威！]雪之美人,1,2021-08-30 04:00:00,2050-08-17 15:59:59
6048,5501,27,半周年庆典 超稀有兑换券,1,[心中的烈火无法抑制]八重无敌,1,2021-08-30 04:00:00,2050-08-17 15:59:59
6049,5501,28,半周年庆典 超稀有兑换券,1,[樱花盛开之时]樱花千代王,1,2021-08-30 04:00:00,2050-08-17 15:59:59
6050,5501,29,半周年庆典 超稀有兑换券,1,[身为新娘！]川上公主,1,2021-08-30 04:00:00,2050-08-17 15:59:59
6051,5501,30,半周年庆典 超稀有兑换券,1,[请品尝第一口！]菱曙,1,2021-08-30 04:00:00,2050-08-17 15:59:59
6052,5501,31,半周年庆典 超稀有兑换券,1,[Head-on fight！]青竹回忆,1,2021-08-30 04:00:00,2050-08-17 15:59:59
6053,5501,32,半周年庆典 超稀有兑换券,1,[明天全国都会染红吧♪]青云天空,1,2021-08-30 04:00:00,2050-08-17 15:59:59
6054,5501,33,半周年庆典 超稀有兑换券,1,[起舞今宵]帝王光辉,1,2021-08-30 04:00:00,2050-08-17 15:59:59
6055,5501,34,半周年庆典 超稀有兑换券,1,[爽快！决胜一击！]目白莱恩,1,2021-08-30 04:00:00,2050-08-17 15:59:59
6056,5501,35,半周年庆典 超稀有兑换券,1,[独享冰凉？]东商变革,1,2021-08-30 04:00:00,2050-08-17 15:59:59
6057,5501,36,半周年庆典 超稀有兑换券,1,[全力嬉闹！]胜利奖券,1,2021-08-30 04:00:00,2050-08-17 15:59:59
8001,8000,1,社团积分,600,重炮的碎片,5,2023-08-16 21:00:00,2023-09-30 20:59:59
8002,8000,1,社团积分,600,爱丽速子的碎片,5,2023-09-30 21:00:00,2023-10-31 20:59:59
8003,8000,1,社团积分,600,大和赤骥的碎片,5,2023-10-31 21:00:00,2023-11-30 20:59:59
8004,8000,1,社团积分,600,草上飞的碎片,5,2023-11-30 21:00:00,2023-12-31 20:59:59
8005,8000,1,社团积分,600,优秀素质的碎片,5,2023-12-31 21:00:00,2024-01-31 20:59:59
8006,8000,1,社团积分,600,气槽的碎片,5,2024-01-31 21:00:00,2024-02-29 20:59:59
8007,8000,1,社团积分,600,超级溪流的碎片,5,2024-02-29 21:00:00,2024-03-31 20:59:59
8008,8000,1,社团积分,600,伏特加的碎片,5,2025-05-01 04:00:00,2025-06-01 03:59:59
8009,8000,1,社团积分,600,待兼福来的碎片,5,2025-06-01 04:00:00,2025-07-01 03:59:59
8010,8000,1,社团积分,600,春乌菈菈的碎片,5,2025-07-01 04:00:00,2025-08-01 03:59:59
8011,8000,1,社团积分,600,樱花进王的碎片,5,2025-08-01 04:00:00,2025-09-01 03:59:59
8012,8000,1,社团积分,600,神鹰的碎片,5,2025-09-01 04:00:00,2025-10-01 03:59:59
8013,8000,1,社团积分,600,帝王光辉的碎片,5,2025-09-05 04:00:00,2025-10-01 03:59:59
8014,8000,1,社团积分,600,黄金船的碎片,5,2025-10-01 04:00:00,2025-11-01 03:59:59
8015,8000,1,社团积分,600,胜利奖券的碎片,5,2025-10-01 04:00:00,2025-11-01 03:59:59
8016,8000,1,社团积分,600,目白莱恩的碎片,5,2025-11-01 04:00:00,2025-12-01 03:59:59
8017,8000,1,社团积分,600,待兼唐怀瑟的碎片,5,2025-12-01 04:00:00,2026-01-01 03:59:59
8201,8000,201,社团积分,100,[身为“王牌”]目白麦昆,1,2023-08-16 21:00:00,2050-08-01 15:59:59
8202,8000,202,社团积分,100,[“幸福”漫天飞舞的时刻]米浴,1,2023-08-16 21:00:00,2050-08-01 15:59:59
8203,8000,203,社团积分,100,[梦想真的可以实现！]胜利奖券,1,2023-10-30 04:00:00,2050-08-01 15:59:59
8204,8000,204,社团积分,100,[Two Pieces]成田白仁,1,2024-01-23 04:00:00,2050-08-01 15:59:59
8205,8000,205,社团积分,100,[追寻未曾见过的景色]无声铃鹿,1,2025-07-21 04:00:00,2050-08-01 15:59:59
8206,8000,206,社团积分,100,[共谱明日的回忆]＜天狼星＞队,1,2025-09-27 04:00:00,2050-08-01 15:59:58
8207,8000,207,社团积分,100,[和我们一起，实现梦想吧！]特别周,1,2025-12-12 04:00:00,2050-08-01 15:59:58
8301,8000,301,社团积分,250,大阪杯优胜锦旗,1,2023-08-16 21:00:00,2050-08-01 15:59:59
8302,8000,302,社团积分,250,宝冢纪念优胜锦旗,1,2023-08-16 21:00:00,2050-08-01 15:59:59
8303,8000,303,社团积分,250,短途者锦标赛优胜锦旗,1,2023-08-16 21:00:00,2050-08-01 15:59:59
8304,8000,304,社团积分,250,全国育成杯短途赛优胜锦旗,1,2023-08-16 21:00:00,2050-08-01 15:59:59
8305,8000,305,社团积分,250,朝日杯未来锦标赛优胜锦旗,1,2023-08-16 21:00:00,2050-08-01 15:59:59
8306,8000,306,社团积分,50,金币,1500,2023-08-16 21:00:00,2050-08-01 15:59:59
9001,6,1,宝石,10,闹钟,1,2017-05-31 16:00:00,2050-08-01 15:59:59
9002,7,1,宝石,10,闹钟,1,2017-05-31 16:00:00,2050-08-01 15:59:59
10000,9000,0,金币,15000,特别周的碎片,1,2017-05-31 16:00:00,2050-08-01 15:59:59
10001,9000,0,金币,15000,无声铃鹿的碎片,1,2017-05-31 16:00:00,2050-08-01 15:59:59
10002,9000,0,金币,15000,东海帝王的碎片,1,2017-05-31 16:00:00,2050-08-01 15:59:59
10003,9000,0,金币,15000,丸善斯基的碎片,1,2017-05-31 16:00:00,2050-08-01 15:59:59
10004,9000,0,金币,15000,小栗帽的碎片,1,2017-05-31 16:00:00,2050-08-01 15:59:59
10005,9000,0,金币,10000,黄金船的碎片,1,2017-05-31 16:00:00,2050-08-01 15:59:59
10006,9000,0,金币,10000,伏特加的碎片,1,2017-05-31 16:00:00,2050-08-01 15:59:59
10007,9000,0,金币,10000,大和赤骥的碎片,1,2017-05-31 16:00:00,2050-08-01 15:59:59
10008,9000,0,金币,15000,大树快车的碎片,1,2017-05-31 16:00:00,2050-08-01 15:59:59
10009,9000,0,金币,10000,草上飞的碎片,1,2017-05-31 16:00:00,2050-08-01 15:59:59
10010,9000,0,金币,15000,目白麦昆的碎片,1,2017-05-31 16:00:00,2050-08-01 15:59:59
10011,9000,0,金币,10000,神鹰的碎片,1,2017-05-31 16:00:00,2050-08-01 15:59:59
10012,9000,0,金币,15000,鲁道夫象征的碎片,1,2017-05-31 16:00:00,2050-08-01 15:59:59
10013,9000,0,金币,10000,气槽的碎片,1,2017-05-31 16:00:00,2050-08-01 15:59:59
10014,9000,0,金币,10000,重炮的碎片,1,2017-05-31 16:00:00,2050-08-01 15:59:59
10015,9000,0,金币,5000,目白莱恩的碎片,1,2017-05-31 16:00:00,2050-08-01 15:59:59
10016,9000,0,金币,15000,米浴的碎片,1,2017-05-31 16:00:00,2050-08-01 15:59:59
10017,9000,0,金币,5000,爱丽速子的碎片,1,2017-05-31 16:00:00,2050-08-01 15:59:59
10018,9000,0,金币,5000,胜利奖券的碎片,1,2017-05-31 16:00:00,2050-08-01 15:59:59
10019,9000,0,金币,5000,樱花进王的碎片,1,2017-05-31 16:00:00,2050-08-01 15:59:59
10020,9000,0,金币,10000,超级溪流的碎片,1,2017-05-31 16:00:00,2050-08-01 15:59:59
10021,9000,0,金币,5000,春乌菈菈的碎片,1,2017-05-31 16:00:00,2050-08-01 15:59:59
10022,9000,0,金币,5000,待兼福来的碎片,1,2017-05-31 16:00:00,2050-08-01 15:59:59
10023,9000,0,金币,5000,优秀素质的碎片,1,2017-05-31 16:00:00,2050-08-01 15:59:59
10024,9000,0,金币,5000,帝王光辉的碎片,1,2017-05-31 16:00:00,2050-08-01 15:59:59
10025,9000,0,金币,15000,东海帝王的碎片,1,2021-08-16 04:00:00,2050-08-01 15:59:59
10026,9000,0,金币,15000,目白麦昆的碎片,1,2021-08-16 04:00:00,2050-08-01 15:59:59
10027,9000,0,金币,15000,真机伶的碎片,1,2021-08-16 04:00:00,2050-08-01 15:59:59
10028,9000,0,金币,15000,成田大进的碎片,1,2021-08-16 04:00:00,2050-08-01 15:59:59
10029,9000,0,金币,15000,醒目飞鹰的碎片,1,2021-08-16 04:00:00,2050-08-01 15:59:59
10030,9000,0,金币,15000,成田白仁的碎片,1,2021-08-16 04:00:00,2050-08-01 15:59:59
10031,9000,0,金币,15000,气槽的碎片,1,2021-08-16 04:00:00,2050-08-01 15:59:59
10032,9000,0,金币,15000,重炮的碎片,1,2021-08-16 04:00:00,2050-08-01 15:59:59
10033,9000,0,金币,15000,青云天空的碎片,1,2021-08-16 04:00:00,2050-08-01 15:59:59
10034,9000,0,金币,15000,菱亚马逊的碎片,1,2021-08-16 04:00:00,2050-08-01 15:59:59
10035,9000,0,金币,15000,草上飞的碎片,1,2021-08-16 04:00:00,2050-08-01 15:59:59
10036,9000,0,金币,15000,神鹰的碎片,1,2021-08-16 04:00:00,2050-08-01 15:59:59
10037,9000,0,金币,15000,特别周的碎片,1,2021-08-16 04:00:00,2050-08-01 15:59:59
10038,9000,0,金币,15000,丸善斯基的碎片,1,2021-08-16 04:00:00,2050-08-01 15:59:59
10039,9000,0,金币,15000,名将怒涛的碎片,1,2021-08-16 04:00:00,2050-08-01 15:59:59
10040,9000,0,金币,15000,富士奇石的碎片,1,2021-08-16 04:00:00,2050-08-01 15:59:59
10041,9000,0,金币,15000,好歌剧的碎片,1,2021-08-16 04:00:00,2050-08-01 15:59:59
10042,9000,0,金币,15000,黄金城的碎片,1,2021-08-16 04:00:00,2050-08-01 15:59:59
10043,9000,0,金币,15000,美浦波旁的碎片,1,2021-08-16 04:00:00,2050-08-01 15:59:59
10044,9000,0,金币,15000,琵琶晨光的碎片,1,2021-08-16 04:00:00,2050-08-01 15:59:59
10045,9000,0,金币,15000,荣进闪耀的碎片,1,2022-02-14 04:00:00,2050-08-01 15:59:59
10046,9000,0,金币,15000,待兼福来的碎片,1,2022-02-14 04:00:00,2050-08-01 15:59:59
10047,9000,0,金币,15000,米浴的碎片,1,2022-02-14 04:00:00,2050-08-01 15:59:59
10048,9000,0,金币,15000,曼城茶座的碎片,1,2022-02-14 04:00:00,2050-08-01 15:59:59
10049,9000,0,金币,15000,目白多伯的碎片,1,2022-02-14 04:00:00,2050-08-01 15:59:59
10050,9000,0,金币,15000,小栗帽的碎片,1,2022-02-14 04:00:00,2050-08-01 15:59:59
10051,9000,0,金币,15000,玉藻十字的碎片,1,2022-02-14 04:00:00,2050-08-01 15:59:59
10052,9000,0,金币,15000,樱花千代王的碎片,1,2022-02-14 04:00:00,2050-08-01 15:59:59
10053,9000,0,金币,15000,美浦波旁的碎片,1,2022-02-14 04:00:00,2050-08-01 15:59:59
10054,9000,0,金币,15000,荣进闪耀的碎片,1,2022-02-14 04:00:00,2050-08-01 15:59:59
10055,9000,0,金币,15000,目白雅丹的碎片,1,2022-02-14 04:00:00,2050-08-01 15:59:59
10056,9000,0,金币,15000,爱丽数码的碎片,1,2022-02-14 04:00:00,2050-08-01 15:59:59
10057,9000,0,金币,15000,菱曙的碎片,1,2022-02-14 04:00:00,2050-08-01 15:59:59
10058,9000,0,金币,15000,超级溪流的碎片,1,2022-02-14 04:00:00,2050-08-01 15:59:59
10059,9000,0,金币,15000,川上公主的碎片,1,2022-02-14 04:00:00,2050-08-01 15:59:59
10060,9000,0,金币,15000,鲁道夫象征的碎片,1,2022-02-14 04:00:00,2050-08-01 15:59:59
10061,9000,0,金币,15000,黄金城的碎片,1,2022-02-14 04:00:00,2050-08-01 15:59:59
10062,9000,0,金币,15000,岛川乔丹的碎片,1,2022-02-14 04:00:00,2050-08-01 15:59:59
10063,9000,0,金币,15000,琵琶晨光的碎片,1,2022-02-14 04:00:00,2050-08-01 15:59:59
10064,9000,0,金币,15000,美妙姿势的碎片,1,2022-02-14 04:00:00,2050-08-01 15:59:59
10065,9000,0,金币,15000,春乌菈菈的碎片,1,2022-02-14 04:00:00,2050-08-01 15:59:59
10066,9000,0,金币,15000,好歌剧的碎片,1,2022-02-14 04:00:00,2050-08-01 15:59:59
10220,9000,0,金币,2000,闹钟,1,2017-05-31 16:00:00,2050-08-01 15:59:59
10221,9000,0,金币,5000,干劲满溢甜点,1,2017-05-31 16:00:00,2050-08-01 15:59:59
10226,9000,0,金币,1000,短距离跑鞋,3,2017-05-31 16:00:00,2050-08-01 15:59:59
10227,9000,0,金币,1000,英里跑鞋,3,2017-05-31 16:00:00,2050-08-01 15:59:59
10228,9000,0,金币,1000,中距离跑鞋,3,2017-05-31 16:00:00,2050-08-01 15:59:59
10229,9000,0,金币,1000,长距离跑鞋,3,2017-05-31 16:00:00,2050-08-01 15:59:59
10230,9000,0,金币,1000,泥地跑鞋,3,2017-05-31 16:00:00,2050-08-01 15:59:59
10232,9000,0,金币,3000,协助积分,500,2017-05-31 16:00:00,2050-08-01 15:59:59
10300,9000,0,金币,5000,二月锦标赛优胜锦旗,1,2021-08-16 04:00:00,2050-08-01 15:59:59
10301,9000,0,金币,5000,中京短途赛优胜锦旗,1,2021-08-16 04:00:00,2050-08-01 15:59:59
10302,9000,0,金币,5000,大阪杯优胜锦旗,1,2021-08-16 04:00:00,2050-08-01 15:59:59
10303,9000,0,金币,5000,樱花奖优胜锦旗,1,2021-08-16 04:00:00,2050-08-01 15:59:59
10304,9000,0,金币,5000,皋月奖优胜锦旗,1,2021-08-16 04:00:00,2050-08-01 15:59:59
10305,9000,0,金币,5000,天王奖（春）优胜锦旗,1,2021-08-16 04:00:00,2050-08-01 15:59:59
10306,9000,0,金币,5000,广播协会英里杯优胜锦旗,1,2021-08-16 04:00:00,2050-08-01 15:59:59
10307,9000,0,金币,5000,维多利亚英里赛优胜锦旗,1,2021-08-16 04:00:00,2050-08-01 15:59:59
10308,9000,0,金币,5000,奥克斯优胜锦旗,1,2021-08-16 04:00:00,2050-08-01 15:59:59
10309,9000,0,金币,5000,全国德比优胜锦旗,1,2021-08-16 04:00:00,2050-08-01 15:59:59
10310,9000,0,金币,5000,东京英里赛优胜锦旗,1,2021-08-16 04:00:00,2050-08-01 15:59:59
10311,9000,0,金币,5000,宝冢纪念优胜锦旗,1,2021-08-16 04:00:00,2050-08-01 15:59:59
10312,9000,0,金币,5000,短途者锦标赛优胜锦旗,1,2021-08-16 04:00:00,2050-08-01 15:59:59
10313,9000,0,金币,5000,秋华奖优胜锦旗,1,2021-08-16 04:00:00,2050-08-01 15:59:59
10314,9000,0,金币,5000,菊花奖优胜锦旗,1,2021-08-16 04:00:00,2050-08-01 15:59:59
10315,9000,0,金币,5000,天王奖（秋）优胜锦旗,1,2021-08-16 04:00:00,2050-08-01 15:59:59
10316,9000,0,金币,5000,英里冠军赛优胜锦旗,1,2021-08-16 04:00:00,2050-08-01 15:59:59
10317,9000,0,金币,5000,伊丽莎白女王杯优胜锦旗,1,2021-08-16 04:00:00,2050-08-01 15:59:59
10318,9000,0,金币,5000,全国杯优胜锦旗,1,2021-08-16 04:00:00,2050-08-01 15:59:59
10319,9000,0,金币,5000,全国冠军杯优胜锦旗,1,2021-08-16 04:00:00,2050-08-01 15:59:59
10320,9000,0,金币,5000,阪神初级少女杯赛优胜锦旗,1,2021-08-16 04:00:00,2050-08-01 15:59:59
10321,9000,0,金币,5000,朝日杯未来锦标赛优胜锦旗,1,2021-08-16 04:00:00,2050-08-01 15:59:59
10322,9000,0,金币,5000,中山大奖赛优胜锦旗,1,2021-08-16 04:00:00,2050-08-01 15:59:59
10323,9000,0,金币,5000,希望锦标赛优胜锦旗,1,2021-08-16 04:00:00,2050-08-01 15:59:59
10324,9000,0,金币,5000,全国泥地德比优胜锦旗,1,2021-08-16 04:00:00,2050-08-01 15:59:59
10325,9000,0,金币,5000,全国育成杯短途赛优胜锦旗,1,2021-08-16 04:00:00,2050-08-01 15:59:59
10326,9000,0,金币,5000,全国育成杯经典赛优胜锦旗,1,2021-08-16 04:00:00,2050-08-01 15:59:59
10327,9000,0,金币,5000,全国育成杯女士经典赛优胜锦旗,1,2021-08-16 04:00:00,2050-08-01 15:59:59
10328,9000,0,金币,5000,帝王奖优胜锦旗,1,2021-08-16 04:00:00,2050-08-01 15:59:59
10329,9000,0,金币,5000,东京大奖赛优胜锦旗,1,2021-08-16 04:00:00,2050-08-01 15:59:59
11000,10000,1,彩虹结晶片,20,彩虹解锁结晶,1,2021-09-21 04:00:00,2050-08-17 15:59:59
11001,10001,2,金结晶片,20,金解锁结晶,1,2021-09-21 04:00:00,2050-08-17 15:59:59
12000,11000,1,考试币,2000,宝石,150,2025-07-21 04:00:00,2025-08-01 03:59:59
12001,11000,2,考试币,10000,彩虹结晶片,1,2025-07-21 04:00:00,2025-08-01 03:59:59
12002,11000,3,考试币,5000,金结晶片,1,2025-07-21 04:00:00,2025-08-01 03:59:59
12003,11000,4,考试币,2000,养成优俊少女招募券,1,2025-07-21 04:00:00,2025-08-01 03:59:59
12004,11000,5,考试币,2000,协助卡招募券,1,2025-07-21 04:00:00,2025-08-01 03:59:59
12005,11000,6,考试币,500,大树快车的碎片,2,2025-07-21 04:00:00,2025-08-01 03:59:59
12006,11000,7,考试币,500,米浴的碎片,2,2025-07-21 04:00:00,2025-08-01 03:59:59
12007,11000,8,考试币,500,待兼福来的碎片,2,2025-07-21 04:00:00,2025-08-01 03:59:59
12008,11000,9,考试币,500,春乌菈菈的碎片,2,2025-07-21 04:00:00,2025-08-01 03:59:59
12009,11000,10,考试币,100,金币,3000,2025-07-21 04:00:00,2025-08-01 03:59:59
12010,11000,11,考试币,100,协助积分,1000,2025-07-21 04:00:00,2025-08-01 03:59:59
12011,11000,12,考试币,50,大阪杯优胜锦旗,1,2025-07-21 04:00:00,2025-08-01 03:59:59
12012,11000,13,考试币,50,宝冢纪念优胜锦旗,1,2025-07-21 04:00:00,2025-08-01 03:59:59
12013,11000,14,考试币,50,天王奖（秋）优胜锦旗,1,2025-07-21 04:00:00,2025-08-01 03:59:59
12014,11000,15,考试币,50,伊丽莎白女王杯优胜锦旗,1,2025-07-21 04:00:00,2025-08-01 03:59:59
12015,11000,16,考试币,50,全国杯优胜锦旗,1,2025-07-21 04:00:00,2025-08-01 03:59:59
12016,11000,17,考试币,50,希望锦标赛优胜锦旗,1,2025-07-21 04:00:00,2025-08-01 03:59:59
12017,11000,18,考试币,20,中距离跑鞋,1,2025-07-21 04:00:00,2025-08-01 03:59:59
12018,11001,1,考试币,1500,宝石,150,2025-09-24 04:00:00,2025-10-02 03:59:59
12019,11001,2,考试币,10000,彩虹结晶片,1,2025-09-24 04:00:00,2025-10-02 03:59:59
12020,11001,3,考试币,5000,金结晶片,1,2025-09-24 04:00:00,2025-10-02 03:59:59
12021,11001,4,考试币,1500,养成优俊少女招募券,1,2025-09-24 04:00:00,2025-10-02 03:59:59
12022,11001,5,考试币,1500,协助卡招募券,1,2025-09-24 04:00:00,2025-10-02 03:59:59
12023,11001,6,考试币,10000,稀有启发专业书,1,2025-09-24 04:00:00,2025-10-02 03:59:59
12024,11001,7,考试币,8000,稀有启发书,1,2025-09-24 04:00:00,2025-10-02 03:59:59
12025,11001,8,考试币,2000,启发专业书,1,2025-09-24 04:00:00,2025-10-02 03:59:59
12026,11001,9,考试币,1000,启发书,1,2025-09-24 04:00:00,2025-10-02 03:59:59
12027,11001,10,考试币,500,鲁道夫象征的碎片,2,2025-09-24 04:00:00,2025-10-02 03:59:59
12028,11001,11,考试币,500,成田白仁的碎片,2,2025-09-24 04:00:00,2025-10-02 03:59:59
12029,11001,12,考试币,500,玉藻十字的碎片,2,2025-09-24 04:00:00,2025-10-02 03:59:59
12030,11001,13,考试币,500,目白麦昆的碎片,2,2025-09-24 04:00:00,2025-10-02 03:59:59
12031,11001,14,考试币,100,金币,3000,2025-09-24 04:00:00,2025-10-02 03:59:59
12032,11001,15,考试币,100,协助积分,1000,2025-09-24 04:00:00,2025-10-02 03:59:59
12033,11001,16,考试币,50,天王奖（春）优胜锦旗,1,2025-09-24 04:00:00,2025-10-02 03:59:59
12034,11001,17,考试币,50,皋月奖优胜锦旗,1,2025-09-24 04:00:00,2025-10-02 03:59:59
12035,11001,18,考试币,50,菊花奖优胜锦旗,1,2025-09-24 04:00:00,2025-10-02 03:59:59
12036,11001,19,考试币,50,宝冢纪念优胜锦旗,1,2025-09-24 04:00:00,2025-10-02 03:59:59
12037,11001,20,考试币,50,中山大奖赛优胜锦旗,1,2025-09-24 04:00:00,2025-10-02 03:59:59
12038,11001,21,考试币,50,全国德比优胜锦旗,1,2025-09-24 04:00:00,2025-10-02 03:59:59
12039,11001,22,考试币,50,天王奖（秋）优胜锦旗,1,2025-09-24 04:00:00,2025-10-02 03:59:59
12040,11001,23,考试币,20,全国杯优胜锦旗,1,2025-09-24 04:00:00,2025-10-02 03:59:59
12041,11001,24,考试币,20,长距离跑鞋,1,2025-09-24 04:00:00,2025-10-02 03:59:59
12042,11001,25,考试币,20,中距离跑鞋,1,2025-09-24 04:00:00,2025-10-02 03:59:59
70101,7000,101,彩虹徽章,5,梦想光辉,1,2017-05-31 16:00:00,2050-08-01 15:59:59
70201,7000,201,彩虹徽章,2,稀有或以上新人出道招募第1期,1,2017-05-31 16:00:00,2050-08-01 15:59:59
70202,7000,202,彩虹徽章,2,养成优俊少女招募券,1,2017-05-31 16:00:00,2050-08-01 15:59:59
70203,7000,203,彩虹徽章,2,协助卡招募券,1,2017-05-31 16:00:00,2050-08-01 15:59:59
70301,7000,301,彩虹徽章,1,协助积分,2000,2017-05-31 16:00:00,2050-08-01 15:59:59
70401,7000,401,彩虹徽章,1,菊花奖优胜锦旗,1,2017-05-31 16:00:00,2050-08-01 15:59:59
70402,7000,402,彩虹徽章,1,中山大奖赛优胜锦旗,1,2017-05-31 16:00:00,2050-08-01 15:59:59
71101,7001,101,金徽章,50,梦想光辉,1,2017-05-31 16:00:00,2050-08-01 15:59:59
71201,7001,201,金徽章,10,稀有或以上新人出道招募第1期,1,2017-05-31 16:00:00,2050-08-01 15:59:59
71202,7001,202,金徽章,10,养成优俊少女招募券,1,2017-05-31 16:00:00,2050-08-01 15:59:59
71203,7001,203,金徽章,10,协助卡招募券,1,2017-05-31 16:00:00,2050-08-01 15:59:59
71301,7001,301,金徽章,1,协助积分,200,2017-05-31 16:00:00,2050-08-01 15:59:59
71401,7001,401,金徽章,3,菊花奖优胜锦旗,1,2017-05-31 16:00:00,2050-08-01 15:59:59
71402,7001,402,金徽章,3,中山大奖赛优胜锦旗,1,2017-05-31 16:00:00,2050-08-01 15:59:59
72201,7002,201,银徽章,50,稀有或以上新人出道招募第1期,1,2017-05-31 16:00:00,2050-08-01 15:59:59
72202,7002,202,银徽章,50,养成优俊少女招募券,1,2017-05-31 16:00:00,2050-08-01 15:59:59
72203,7002,203,银徽章,50,协助卡招募券,1,2017-05-31 16:00:00,2050-08-01 15:59:59
72301,7002,301,银徽章,5,协助积分,100,2017-05-31 16:00:00,2050-08-01 15:59:59
72401,7002,401,银徽章,10,皋月奖优胜锦旗,1,2017-05-31 16:00:00,2050-08-01 15:59:59
72402,7002,402,银徽章,10,广播协会英里杯优胜锦旗,1,2017-05-31 16:00:00,2050-08-01 15:59:59
72403,7002,403,银徽章,10,全国育成杯女士经典赛优胜锦旗,1,2017-05-31 16:00:00,2050-08-01 15:59:59
72404,7002,404,银徽章,10,伊丽莎白女王杯优胜锦旗,1,2017-05-31 16:00:00,2050-08-01 15:59:59
72405,7002,405,银徽章,10,全国杯优胜锦旗,1,2017-05-31 16:00:00,2050-08-01 15:59:59
72406,7002,406,银徽章,10,阪神初级少女杯赛优胜锦旗,1,2017-05-31 16:00:00,2050-08-01 15:59:59
72407,7002,407,银徽章,10,希望锦标赛优胜锦旗,1,2017-05-31 16:00:00,2050-08-01 15:59:59
2000101,20001,101,嘉年华积分,60000,彩虹结晶片,1,2025-08-09 04:00:00,2025-08-19 03:59:59
2000102,20001,102,嘉年华积分,30000,金结晶片,1,2025-08-09 04:00:00,2025-08-19 03:59:59
2000103,20001,201,嘉年华积分,12000,养成优俊少女招募券,1,2025-08-09 04:00:00,2025-08-19 03:59:59
2000104,20001,202,嘉年华积分,12000,协助卡招募券,1,2025-08-09 04:00:00,2025-08-19 03:59:59
2000105,20001,301,嘉年华积分,3000,女神像,1,2025-08-09 04:00:00,2025-08-19 03:59:59
2000106,20001,401,嘉年华积分,1500,草上飞的碎片,1,2025-08-09 04:00:00,2025-08-19 03:59:59
2000107,20001,402,嘉年华积分,1500,帝王光辉的碎片,1,2025-08-09 04:00:00,2025-08-19 03:59:59
2000108,20001,403,嘉年华积分,1500,青云天空的碎片,1,2025-08-09 04:00:00,2025-08-19 03:59:59
2000109,20001,404,嘉年华积分,1500,特别周的碎片,1,2025-08-09 04:00:00,2025-08-19 03:59:59
2000110,20001,405,嘉年华积分,1500,神鹰的碎片,1,2025-08-09 04:00:00,2025-08-19 03:59:59
2000111,20001,406,嘉年华积分,1500,神鹰的碎片,1,2025-08-09 04:00:00,2025-08-19 03:59:59
2000112,20001,501,嘉年华积分,2500,闹钟,1,2025-08-09 04:00:00,2025-08-19 03:59:59
2000114,20001,502,嘉年华积分,1500,干劲满溢甜点,1,2025-08-09 04:00:00,2025-08-19 03:59:59
2000115,20001,601,嘉年华积分,4000,金币,1000,2025-08-09 04:00:00,2025-08-19 03:59:59
2000116,20001,602,嘉年华积分,4000,协助积分,500,2025-08-09 04:00:00,2025-08-19 03:59:59
2000117,20001,603,嘉年华积分,10000,广播协会英里杯优胜锦旗,1,2025-08-09 04:00:00,2025-08-19 03:59:59
2000118,20001,604,嘉年华积分,10000,全国德比优胜锦旗,1,2025-08-09 04:00:00,2025-08-19 03:59:59
2000119,20001,605,嘉年华积分,10000,全国杯优胜锦旗,1,2025-08-09 04:00:00,2025-08-19 03:59:59
2000120,20001,606,嘉年华积分,10000,宝冢纪念优胜锦旗,1,2025-08-09 04:00:00,2025-08-19 03:59:59
2000121,20001,607,嘉年华积分,10000,中山大奖赛优胜锦旗,1,2025-08-09 04:00:00,2025-08-19 03:59:59
2000122,20001,608,嘉年华积分,2000,英里跑鞋,1,2025-08-09 04:00:00,2025-08-19 03:59:59
2000123,5002,1,1周年庆典 3★兑换券,1,[特别追梦者]特别周,1,2022-02-24 04:00:00,2050-08-01 15:59:59
2000124,5002,2,1周年庆典 3★兑换券,1,[雀跃♪维他命心拍]特别周,1,2022-02-24 04:00:00,2050-08-01 15:59:59
2000125,5002,3,1周年庆典 3★兑换券,1,[无声无瑕]无声铃鹿,1,2022-02-24 04:00:00,2050-08-01 15:59:59
2000126,5002,4,1周年庆典 3★兑换券,1,[喜乐无边]东海帝王,1,2022-02-24 04:00:00,2050-08-01 15:59:59
2000127,5002,5,1周年庆典 3★兑换券,1,[飞跃地平线]东海帝王,1,2022-02-24 04:00:00,2050-08-01 15:59:59
2000128,5002,6,1周年庆典 3★兑换券,1,[绯红方程式]丸善斯基,1,2022-02-24 04:00:00,2050-08-01 15:59:59
2000129,5002,7,1周年庆典 3★兑换券,1,[飞跃☆夏夜]丸善斯基,1,2022-02-24 04:00:00,2050-08-01 15:59:59
2000130,5002,8,1周年庆典 3★兑换券,1,[流星歌剧]富士奇石,1,2022-02-24 04:00:00,2050-08-01 15:59:59
2000131,5002,9,1周年庆典 3★兑换券,1,[星光跃动]小栗帽,1,2022-02-24 04:00:00,2050-08-01 15:59:59
2000132,5002,10,1周年庆典 3★兑换券,1,[奇迹的胜利之星]小栗帽,1,2022-02-24 04:00:00,2050-08-01 15:59:59
2000133,5002,11,1周年庆典 3★兑换券,1,[狂野前线]大树快车,1,2022-02-24 04:00:00,2050-08-01 15:59:59
2000134,5002,12,1周年庆典 3★兑换券,1,[圣翠治愈师]草上飞,1,2022-02-24 04:00:00,2050-08-01 15:59:59
2000135,5002,13,1周年庆典 3★兑换券,1,[亚马逊青金石]菱亚马逊,1,2022-02-24 04:00:00,2050-08-01 15:59:59
2000136,5002,14,1周年庆典 3★兑换券,1,[优雅曲线]目白麦昆,1,2022-02-24 04:00:00,2050-08-01 15:59:59
2000137,5002,15,1周年庆典 3★兑换券,1,[天际尽头]目白麦昆,1,2022-02-24 04:00:00,2050-08-01 15:59:59
2000138,5002,16,1周年庆典 3★兑换券,1,[羽蛇武斗家]神鹰,1,2022-02-24 04:00:00,2050-08-01 15:59:59
2000139,5002,17,1周年庆典 3★兑换券,1,[O sole suo！]好歌剧,1,2022-02-24 04:00:00,2050-08-01 15:59:59
2000140,5002,18,1周年庆典 3★兑换券,1,[新春初晴·宝蓝绚烂]好歌剧,1,2022-02-24 04:00:00,2050-08-01 15:59:59
2000141,5002,19,1周年庆典 3★兑换券,1,[Maverick]成田白仁,1,2022-02-24 04:00:00,2050-08-01 15:59:59
2000142,5002,20,1周年庆典 3★兑换券,1,[皇帝]鲁道夫象征,1,2022-02-24 04:00:00,2050-08-01 15:59:59
2000143,5002,21,1周年庆典 3★兑换券,1,[皓月下的神箭手]鲁道夫象征,1,2022-02-24 04:00:00,2050-08-01 15:59:59
2000144,5002,22,1周年庆典 3★兑换券,1,[橡木王冠]气槽,1,2022-02-24 04:00:00,2050-08-01 15:59:59
2000145,5002,23,1周年庆典 3★兑换券,1,[超级加急！全彩PP膜特殊加工]爱丽数码,1,2022-02-24 04:00:00,2050-08-01 15:59:59
2000146,5002,24,1周年庆典 3★兑换券,1,[青云垂钓者]青云天空,1,2022-02-24 04:00:00,2050-08-01 15:59:59
2000147,5002,25,1周年庆典 3★兑换券,1,[疾风迅雷]玉藻十字,1,2022-02-24 04:00:00,2050-08-01 15:59:59
2000148,5002,26,1周年庆典 3★兑换券,1,[Noble Seamair]美妙姿势,1,2022-02-24 04:00:00,2050-08-01 15:59:59
2000149,5002,27,1周年庆典 3★兑换券,1,[pf.胜利公式]琵琶晨光,1,2022-02-24 04:00:00,2050-08-01 15:59:59
2000150,5002,28,1周年庆典 3★兑换券,1,[嫣红圣诞颂歌]琵琶晨光,1,2022-02-24 04:00:00,2050-08-01 15:59:59
2000151,5002,29,1周年庆典 3★兑换券,1,[阳光花束]重炮,1,2022-02-24 04:00:00,2050-08-01 15:59:59
2000152,5002,30,1周年庆典 3★兑换券,1,[Creeping Black]曼城茶座,1,2022-02-24 04:00:00,2050-08-01 15:59:59
2000153,5002,31,1周年庆典 3★兑换券,1,[MB-19890425]美浦波旁,1,2022-02-24 04:00:00,2050-08-01 15:59:59
2000154,5002,32,1周年庆典 3★兑换券,1,[Buono☆时尚]菱曙,1,2022-02-24 04:00:00,2050-08-01 15:59:59
2000155,5002,33,1周年庆典 3★兑换券,1,[玫瑰之梦]米浴,1,2022-02-24 04:00:00,2050-08-01 15:59:59
2000156,5002,34,1周年庆典 3★兑换券,1,[Make up Vampire！]米浴,1,2022-02-24 04:00:00,2050-08-01 15:59:59
2000157,5002,35,1周年庆典 3★兑换券,1,[Meisterschaft]荣进闪耀,1,2022-02-24 04:00:00,2050-08-01 15:59:59
2000158,5002,36,1周年庆典 3★兑换券,1,[闪电少女]真机伶,1,2022-02-24 04:00:00,2050-08-01 15:59:59
2000159,5002,37,1周年庆典 3★兑换券,1,[粉红公主]川上公主,1,2022-02-24 04:00:00,2050-08-01 15:59:59
2000160,5002,38,1周年庆典 3★兑换券,1,[真我/1928]黄金城,1,2022-02-24 04:00:00,2050-08-01 15:59:59
2000161,5002,39,1周年庆典 3★兑换券,1,[秋樱舞娘]黄金城,1,2022-02-24 04:00:00,2050-08-01 15:59:59
2000162,5002,40,1周年庆典 3★兑换券,1,[雪纺丝带木乃伊]超级溪流,1,2022-02-24 04:00:00,2050-08-01 15:59:59
2000163,5002,41,1周年庆典 3★兑换券,1,[绝对☆LOVE]醒目飞鹰,1,2022-02-24 04:00:00,2050-08-01 15:59:59
2000164,5002,42,1周年庆典 3★兑换券,1,[潮流☆Joker]岛川乔丹,1,2022-02-24 04:00:00,2050-08-01 15:59:59
2000165,5002,43,1周年庆典 3★兑换券,1,[Nevertheless]成田大进,1,2022-02-24 04:00:00,2050-08-01 15:59:59
2000166,5002,44,1周年庆典 3★兑换券,1,[明媚新春♪樱花绽放]春乌菈菈,1,2022-02-24 04:00:00,2050-08-01 15:59:59
2000167,5002,45,1周年庆典 3★兑换券,1,[吉兆秋风]待兼福来,1,2022-02-24 04:00:00,2050-08-01 15:59:59
2000168,5002,46,1周年庆典 3★兑换券,1,[苍蓝/怒涛]名将怒涛,1,2022-02-24 04:00:00,2050-08-01 15:59:59
2000169,5002,47,1周年庆典 3★兑换券,1,[宛延曲线]目白多伯,1,2022-02-24 04:00:00,2050-08-01 15:59:59
2000176,5502,1,1周年庆典 超稀有兑换券,1,[献上全国第一的演出]特别周,1,2022-02-24 04:00:00,2050-08-01 15:59:59
2000177,5502,2,1周年庆典 超稀有兑换券,1,[在耀眼景色的前方]无声铃鹿,1,2022-02-24 04:00:00,2050-08-01 15:59:59
2000178,5502,3,1周年庆典 超稀有兑换券,1,[有梦想就要大声说出来！]东海帝王,1,2022-02-24 04:00:00,2050-08-01 15:59:59
2000179,5502,4,1周年庆典 超稀有兑换券,1,[不沉舰的进击]黄金船,1,2022-02-24 04:00:00,2050-08-01 15:59:59
2000180,5502,5,1周年庆典 超稀有兑换券,1,[伏特加之路]伏特加,1,2022-02-24 04:00:00,2050-08-01 15:59:59
2000181,5502,6,1周年庆典 超稀有兑换券,1,[万紫千红中一枝独秀]草上飞,1,2022-02-24 04:00:00,2050-08-01 15:59:59
2000182,5502,7,1周年庆典 超稀有兑换券,1,[热情的冠军！]神鹰,1,2022-02-24 04:00:00,2050-08-01 15:59:59
2000183,5502,8,1周年庆典 超稀有兑换券,1,[期待已久的计谋]青云天空,1,2022-02-24 04:00:00,2050-08-01 15:59:59
2000184,5502,9,1周年庆典 超稀有兑换券,1,[划破天空的闪电少女！]玉藻十字,1,2022-02-24 04:00:00,2050-08-01 15:59:59
2000185,5502,10,1周年庆典 超稀有兑换券,1,[全身心的感谢]美妙姿势,1,2022-02-24 04:00:00,2050-08-01 15:59:59
2000186,5502,11,1周年庆典 超稀有兑换券,1,[飞奔吧，闪耀吧]艾尼风神,1,2022-02-24 04:00:00,2050-08-01 15:59:59
2000187,5502,12,1周年庆典 超稀有兑换券,1,[B·N·Winner！]胜利奖券,1,2022-02-24 04:00:00,2050-08-01 15:59:59
2000188,5502,13,1周年庆典 超稀有兑换券,1,[冲向前方7厘米之外]空中神宫,1,2022-02-24 04:00:00,2050-08-01 15:59:59
2000189,5502,14,1周年庆典 超稀有兑换券,1,[Run（my）way]黄金城,1,2022-02-24 04:00:00,2050-08-01 15:59:59
2000190,5502,15,1周年庆典 超稀有兑换券,1,[好快！好吃！好快！]樱花进王,1,2022-02-24 04:00:00,2050-08-01 15:59:59
2000191,5502,16,1周年庆典 超稀有兑换券,1,[一颗安心糖]超级溪流,1,2022-02-24 04:00:00,2050-08-01 15:59:59
2000192,5502,17,1周年庆典 超稀有兑换券,1,[这就是我的优俊偶像之道☆]醒目飞鹰,1,2022-02-24 04:00:00,2050-08-01 15:59:59
2000193,5502,18,1周年庆典 超稀有兑换券,1,[哪怕还不能独当一面]西野花,1,2022-02-24 04:00:00,2050-08-01 15:59:59
2000194,5502,19,1周年庆典 超稀有兑换券,1,[必杀技！双胡萝卜拳！]微光飞驹,1,2022-02-24 04:00:00,2050-08-01 15:59:59
2000195,5502,20,1周年庆典 超稀有兑换券,1,[欢迎来到特雷森学园！]骏川手纲,1,2022-02-24 04:00:00,2050-08-01 15:59:59
2000196,5502,21,1周年庆典 超稀有兑换券,1,[“要受人喜爱啊”]小栗帽,1,2022-02-24 04:00:00,2050-08-01 15:59:59
2000197,5502,22,1周年庆典 超稀有兑换券,1,[涡轮引擎马力全开！]双涡轮,1,2022-02-24 04:00:00,2050-08-01 15:59:59
2000198,5502,23,1周年庆典 超稀有兑换券,1,[尽管笑我傻吧]目白善信,1,2022-02-24 04:00:00,2050-08-01 15:59:59
2000199,5502,24,1周年庆典 超稀有兑换券,1,[身后迫近的热浪是动力]北部玄驹,1,2022-02-24 04:00:00,2050-08-01 15:59:59
2000200,5502,25,1周年庆典 超稀有兑换券,1,[超越那前方的背影]里见光钻,1,2022-02-24 04:00:00,2050-08-01 15:59:59
2000201,5502,26,1周年庆典 超稀有兑换券,1,[由故乡直达的助威！]雪之美人,1,2022-02-24 04:00:00,2050-08-01 15:59:59
2000202,5502,27,1周年庆典 超稀有兑换券,1,[心中的烈火无法抑制]八重无敌,1,2022-02-24 04:00:00,2050-08-01 15:59:59
2000203,5502,28,1周年庆典 超稀有兑换券,1,[幸福就在转角后]米浴,1,2022-02-24 04:00:00,2050-08-01 15:59:59
2000204,5502,29,1周年庆典 超稀有兑换券,1,[彻底管理主义]㭴本理子,1,2022-02-24 04:00:00,2050-08-01 15:59:59
2000205,5502,30,1周年庆典 超稀有兑换券,1,[樱花盛开之时]樱花千代王,1,2022-02-24 04:00:00,2050-08-01 15:59:59
2000206,5502,31,1周年庆典 超稀有兑换券,1,[身为新娘！]川上公主,1,2022-02-24 04:00:00,2050-08-01 15:59:59
2000207,5502,32,1周年庆典 超稀有兑换券,1,[请品尝第一口！]菱曙,1,2022-02-24 04:00:00,2050-08-01 15:59:59
2000208,5502,33,1周年庆典 超稀有兑换券,1,[Head-on fight！]青竹回忆,1,2022-02-24 04:00:00,2050-08-01 15:59:59
2000209,5502,34,1周年庆典 超稀有兑换券,1,[43、8、1]中山庆典,1,2022-02-24 04:00:00,2050-08-01 15:59:59
2000210,5502,35,1周年庆典 超稀有兑换券,1,[独享冰凉？]东商变革,1,2022-02-24 04:00:00,2050-08-01 15:59:59
2000211,5502,36,1周年庆典 超稀有兑换券,1,[全力嬉闹！]胜利奖券,1,2022-02-24 04:00:00,2050-08-01 15:59:59
2000212,5502,37,1周年庆典 超稀有兑换券,1,[爽快！决胜一击！]目白莱恩,1,2022-02-24 04:00:00,2050-08-01 15:59:59
2000213,5502,38,1周年庆典 超稀有兑换券,1,[即使满身泥土，也要追逐梦想]优秀素质,1,2022-02-24 04:00:00,2050-08-01 15:59:59
2000214,5502,39,1周年庆典 超稀有兑换券,1,[明天全国都会染红吧♪]青云天空,1,2022-02-24 04:00:00,2050-08-01 15:59:59
2000215,5502,40,1周年庆典 超稀有兑换券,1,[起舞今宵]帝王光辉,1,2022-02-24 04:00:00,2050-08-01 15:59:59
2000220,5502,45,1周年庆典 超稀有兑换券,1,[内心双脚皆温暖]生野狄杜斯,1,2022-02-24 04:00:00,2050-08-01 15:59:59
2000221,5502,46,1周年庆典 超稀有兑换券,1,[大闹万圣夜！]玉藻十字,1,2022-02-24 04:00:00,2050-08-01 15:59:59
2000222,5502,47,1周年庆典 超稀有兑换券,1,[被授予魔力的英雄]荒漠英雄,1,2022-02-24 04:00:00,2050-08-01 15:59:59
2000223,5502,48,1周年庆典 超稀有兑换券,1,[可爱的你，美丽的你]真机伶,1,2022-02-24 04:00:00,2050-08-01 15:59:59
2000224,5502,49,1周年庆典 超稀有兑换券,1,[鸣箭嗤天]成田白仁,1,2022-02-24 04:00:00,2050-08-01 15:59:59
2000225,5502,50,1周年庆典 超稀有兑换券,1,[舞动吧·躁动吧·狂欢吧！]大拓太阳神,1,2022-02-24 04:00:00,2050-08-01 15:59:59
2000226,5502,51,1周年庆典 超稀有兑换券,1,[队形：PARTY]重炮,1,2022-02-24 04:00:00,2050-08-01 15:59:59
2000227,5502,52,1周年庆典 超稀有兑换券,1,[倔强的集市]成田大进,1,2022-02-24 04:00:00,2050-08-01 15:59:59
2000228,5502,53,1周年庆典 超稀有兑换券,1,[独奏·螺旋卡农]曼城茶座,1,2022-02-24 04:00:00,2050-08-01 15:59:59
2000229,5502,54,1周年庆典 超稀有兑换券,1,[夜有黎明，天有祥星]爱慕织姬,1,2022-02-24 04:00:00,2050-08-01 15:59:59
2000230,5502,55,1周年庆典 超稀有兑换券,1,[萍水相逢即是福♪]待兼福来,1,2022-02-24 04:00:00,2050-08-01 15:59:59
2000231,20002,101,嘉年华积分,30000,彩虹结晶片,1,2025-10-13 04:00:00,2025-10-23 03:59:59
2000232,20002,102,嘉年华积分,15000,金结晶片,1,2025-10-13 04:00:00,2025-10-23 03:59:59
2000233,20002,201,嘉年华积分,6000,养成优俊少女招募券,1,2025-10-13 04:00:00,2025-10-23 03:59:59
2000234,20002,202,嘉年华积分,6000,协助卡招募券,1,2025-10-13 04:00:00,2025-10-23 03:59:59
2000235,20002,301,嘉年华积分,1500,女神像,1,2025-10-13 04:00:00,2025-10-23 03:59:59
2000236,20002,401,嘉年华积分,700,胜利奖券的碎片,1,2025-10-13 04:00:00,2025-10-23 03:59:59
2000237,20002,402,嘉年华积分,700,爱丽速子的碎片,1,2025-10-13 04:00:00,2025-10-23 03:59:59
2000238,20002,403,嘉年华积分,700,富士奇石的碎片,1,2025-10-13 04:00:00,2025-10-23 03:59:59
2000239,20002,404,嘉年华积分,700,东海帝王的碎片,1,2025-10-13 04:00:00,2025-10-23 03:59:59
2000240,20002,405,嘉年华积分,700,鲁道夫象征的碎片,1,2025-10-13 04:00:00,2025-10-23 03:59:59
2000241,20002,406,嘉年华积分,700,鲁道夫象征的碎片,1,2025-10-13 04:00:00,2025-10-23 03:59:59
2000242,20002,501,嘉年华积分,1200,闹钟,1,2025-10-13 04:00:00,2025-10-23 03:59:59
2000243,20002,502,嘉年华积分,700,干劲满溢甜点,1,2025-10-13 04:00:00,2025-10-23 03:59:59
2000244,20002,601,嘉年华积分,2000,金币,1000,2025-10-13 04:00:00,2025-10-23 03:59:59
2000245,20002,602,嘉年华积分,2000,协助积分,500,2025-10-13 04:00:00,2025-10-23 03:59:59
2000246,20002,603,嘉年华积分,5000,皋月奖优胜锦旗,1,2025-10-13 04:00:00,2025-10-23 03:59:59
2000247,20002,604,嘉年华积分,5000,菊花奖优胜锦旗,1,2025-10-13 04:00:00,2025-10-23 03:59:59
2000248,20002,605,嘉年华积分,5000,天王奖（秋）优胜锦旗,1,2025-10-13 04:00:00,2025-10-23 03:59:59
2000249,20002,606,嘉年华积分,5000,全国杯优胜锦旗,1,2025-10-13 04:00:00,2025-10-23 03:59:59
2000250,20002,607,嘉年华积分,5000,中山大奖赛优胜锦旗,1,2025-10-13 04:00:00,2025-10-23 03:59:59
2000251,20002,608,嘉年华积分,1000,中距离跑鞋,1,2025-10-13 04:00:00,2025-10-23 03:59:59
3010001,12002,1,金币,1000,闹钟,1,2025-08-26 04:00:00,2025-10-08 03:59:59
3010002,12002,2,金币,45000,养成优俊少女招募券,1,2025-08-26 04:00:00,2025-10-08 03:59:59
3010003,12002,3,金币,4500,能量饮料30,1,2025-09-05 04:00:00,2025-10-08 03:59:59
3010004,12002,4,金币,45000,协助卡招募券,1,2025-09-05 04:00:00,2025-10-08 03:59:59
3010005,12002,5,金币,3000,干劲满溢甜点,1,2025-09-16 04:00:00,2025-10-08 03:59:59
3010006,12002,6,金币,7500,启发书,1,2025-09-16 04:00:00,2025-10-08 03:59:59
3010007,12002,7,金币,15000,启发专业书,1,2025-09-16 04:00:00,2025-10-08 03:59:59
3010008,12002,8,金币,30000,稀有启发书,1,2025-09-16 04:00:00,2025-10-08 03:59:59
3010009,12002,9,金币,45000,稀有启发专业书,1,2025-09-16 04:00:00,2025-10-08 03:59:59
3020001,12000,1,好友积分,100,闹钟,1,2025-08-26 04:00:00,2025-10-08 03:59:59
3020002,12000,2,好友积分,10000,2★或以上新人出道招募第1期,1,2025-08-26 04:00:00,2025-10-08 03:59:59
3020003,12000,3,好友积分,10000,稀有或以上新人出道招募第1期,1,2025-08-26 04:00:00,2025-10-08 03:59:59
3020004,12000,4,好友积分,300,能量饮料30,1,2025-09-05 04:00:00,2025-10-08 03:59:59
3020005,12000,5,好友积分,3000,养成优俊少女招募券,1,2025-09-05 04:00:00,2025-10-08 03:59:59
3020006,12000,6,好友积分,250,干劲满溢甜点,1,2025-09-16 04:00:00,2025-10-08 03:59:59
3020007,12000,7,好友积分,3000,协助卡招募券,1,2025-09-16 04:00:00,2025-10-08 03:59:59
3020008,12000,8,好友积分,500,启发书,1,2025-09-16 04:00:00,2025-10-08 03:59:59
3020009,12000,9,好友积分,1000,启发专业书,1,2025-09-16 04:00:00,2025-10-08 03:59:59
3020010,12000,10,好友积分,2000,稀有启发书,1,2025-09-16 04:00:00,2025-10-08 03:59:59
3020011,12000,11,好友积分,3000,稀有启发专业书,1,2025-09-16 04:00:00,2025-10-08 03:59:59
3030001,12001,1,社团积分,10,闹钟,1,2025-08-26 04:00:00,2025-10-08 03:59:59
3030002,12001,2,社团积分,300,协助卡招募券,1,2025-08-26 04:00:00,2025-10-08 03:59:59
3030003,12001,3,社团积分,30,能量饮料30,1,2025-09-05 04:00:00,2025-10-08 03:59:59
3030004,12001,4,社团积分,2000,彩虹结晶片,1,2025-09-05 04:00:00,2025-10-08 03:59:59
3030005,12001,5,社团积分,500,金结晶片,1,2025-09-05 04:00:00,2025-10-08 03:59:59
3030006,12001,6,社团积分,25,干劲满溢甜点,1,2025-09-16 04:00:00,2025-10-08 03:59:59
3030007,12001,7,社团积分,300,养成优俊少女招募券,1,2025-09-16 04:00:00,2025-10-08 03:59:59
3030008,12001,8,社团积分,50,启发书,1,2025-09-16 04:00:00,2025-10-08 03:59:59
3030009,12001,9,社团积分,100,启发专业书,1,2025-09-16 04:00:00,2025-10-08 03:59:59
3030010,12001,10,社团积分,200,稀有启发书,1,2025-09-16 04:00:00,2025-10-08 03:59:59
3030011,12001,11,社团积分,300,稀有启发专业书,1,2025-09-16 04:00:00,2025-10-08 03:59:59
20248020,8000,1,社团积分,600,超级溪流的碎片,5,2025-04-30 21:00:00,2025-06-01 03:59:59
130001001,13000,1001,协助卡兑换券,10,[身后迫近的热浪是动力]北部玄驹,1,2021-02-24 04:00:00,2050-08-01 15:59:59
130001002,13000,1002,协助卡兑换券,10,[必杀技！双胡萝卜拳！]微光飞驹,1,2021-02-24 04:00:00,2050-08-01 15:59:59
130002001,13000,2001,协助卡兑换券,10,[超越那前方的背影]里见光钻,1,2021-02-24 04:00:00,2050-08-01 15:59:59
130003001,13000,3001,协助卡兑换券,10,[伏特加之路]伏特加,1,2021-02-24 04:00:00,2050-08-01 15:59:59
130004001,13000,4001,协助卡兑换券,10,[飞奔吧，闪耀吧]艾尼风神,1,2021-02-24 04:00:00,2050-08-01 15:59:59
130004002,13000,4002,协助卡兑换券,10,[献上全国第一的演出]特别周,1,2021-02-24 04:00:00,2050-08-01 15:59:59
130005001,13000,5001,协助卡兑换券,10,[全身心的感谢]美妙姿势,1,2021-02-24 04:00:00,2050-08-01 15:59:59
130005002,13000,5002,协助卡兑换券,10,[即使满身泥土，也要追逐梦想]优秀素质,1,2021-02-24 04:00:00,2050-08-01 15:59:59
