campaign_id,campaign_name,start_time,end_time,start_time_str,end_time_str
1,奖励获得量提升,1614110400,1632884399,2021-02-24 04:00:00,2021-09-29 10:59:59
4,开服纪念任务第1弹,1614110400,2556043199,2021-02-24 04:00:00,2050-12-31 03:59:59
6,Campaign_6,1614654000,1615258799,2021-03-02 11:00:00,2021-03-09 10:59:59
7,Campaign_7,1615258800,1616036399,2021-03-09 11:00:00,2021-03-18 10:59:59
5,开服纪念任务第2弹,1615431600,2556043199,2021-03-11 11:00:00,2050-12-31 03:59:59
50,开服纪念任务第2弹,1615431600,1615492799,2021-03-11 11:00:00,2021-03-12 03:59:59
2,挑战次数增加,1615492800,1616529599,2021-03-12 04:00:00,2021-03-24 03:59:59
8,Campaign_8,1616036400,1617073199,2021-03-18 11:00:00,2021-03-30 10:59:59
3,开服纪念任务第3弹,1616382000,1617159599,2021-03-22 11:00:00,2021-03-31 10:59:59
9,Campaign_9,1617073200,1618455599,2021-03-30 11:00:00,2021-04-15 10:59:59
10,Campaign_10,1617073200,1618455599,2021-03-30 11:00:00,2021-04-15 10:59:59
13,春季一级赛事纪念任务第1弹（樱花奖）,1617678000,1618171199,2021-04-06 11:00:00,2021-04-12 03:59:59
16,春季一级赛事纪念任务第1弹（皋月奖）,1618171200,1618775999,2021-04-12 04:00:00,2021-04-19 03:59:59
12,Campaign_12,1618455600,1619405999,2021-04-15 11:00:00,2021-04-26 10:59:59
15,挑战次数增加,1618776000,1619380799,2021-04-19 04:00:00,2021-04-26 03:59:59
18,春季一级赛事纪念任务第1弹（天王奖（春））,1619380800,1619985599,2021-04-26 04:00:00,2021-05-03 03:59:59
19,Campaign_19,1619406000,1620269999,2021-04-26 11:00:00,2021-05-06 10:59:59
17,黄金船的黄金船周特别任务,1619751600,1621022399,2021-04-30 11:00:00,2021-05-15 03:59:59
61,小金船模式,1619751600,1620615599,2021-04-30 11:00:00,2021-05-10 10:59:59
11,春季一级赛事纪念任务第2弹（广播协会英里杯）,1620010800,1620590399,2021-05-03 11:00:00,2021-05-10 03:59:59
20,Campaign_20,1620270000,1621220399,2021-05-06 11:00:00,2021-05-17 10:59:59
30,春季一级赛事纪念任务第2弹（维多利亚英里赛）,1620590400,1621195199,2021-05-10 04:00:00,2021-05-17 03:59:59
35,春季一级赛事纪念任务第2弹（奥克斯）,1621195200,1621799999,2021-05-17 04:00:00,2021-05-24 03:59:59
21,Campaign_21,1621220400,1622170799,2021-05-17 11:00:00,2021-05-28 10:59:59
40,春季一级赛事纪念任务第2弹（全国德比）,1621800000,1622404799,2021-05-24 04:00:00,2021-05-31 03:59:59
70,Campaign_70,1622170800,1623293999,2021-05-28 11:00:00,2021-06-10 10:59:59
71,Campaign_71,1622170800,1623293999,2021-05-28 11:00:00,2021-06-10 10:59:59
45,春季一级赛事纪念任务第2弹\n东京英里赛,1622404800,1623009599,2021-05-31 04:00:00,2021-06-07 03:59:59
72,Campaign_72,1623294000,1624244399,2021-06-10 11:00:00,2021-06-21 10:59:59
24,挑战次数增加,1623355200,1624219199,2021-06-11 04:00:00,2021-06-21 03:59:59
47,春季一级赛事纪念任务第2弹\n宝冢纪念,1624219200,1624823999,2021-06-21 04:00:00,2021-06-28 03:59:59
73,Campaign_73,1624244400,1624935599,2021-06-21 11:00:00,2021-06-29 10:59:59
74,Campaign_74,1624935600,1626058799,2021-06-29 11:00:00,2021-07-12 10:59:59
75,Campaign_75,1624935600,1626058799,2021-06-29 11:00:00,2021-07-12 10:59:59
49,特雷森学园特设\n金牌训练员之路！,1626058800,2539367999,2021-07-12 11:00:00,2050-06-21 03:59:59
76,Campaign_76,1626058800,1626749999,2021-07-12 11:00:00,2021-07-20 10:59:59
77,Campaign_77,1626750000,1627527599,2021-07-20 11:00:00,2021-07-29 10:59:59
90,主线剧情第4章\n开放纪念任务,1626750000,1627588799,2021-07-20 11:00:00,2021-07-30 03:59:59
91,挑战次数增加,1626811200,1627588799,2021-07-21 04:00:00,2021-07-30 03:59:59
78,Campaign_78,1627527600,1628650799,2021-07-29 11:00:00,2021-08-11 10:59:59
79,Campaign_79,1627527600,1628650799,2021-07-29 11:00:00,2021-08-11 10:59:59
80,Campaign_80,1628650800,1629428399,2021-08-11 11:00:00,2021-08-20 10:59:59
100,半周年庆典纪念任务\n第1弹,1629082800,1632945599,2021-08-16 11:00:00,2021-09-30 03:59:59
81,Campaign_81,1629428400,1630292399,2021-08-20 11:00:00,2021-08-30 10:59:59
101,半周年庆典纪念任务\n第2弹,1629774000,1632945599,2021-08-24 11:00:00,2021-09-30 03:59:59
26,挑战次数增加,1629835200,1630612799,2021-08-25 04:00:00,2021-09-03 03:59:59
82,Campaign_82,1630292400,1631242799,2021-08-30 11:00:00,2021-09-10 10:59:59
102,半周年庆典纪念任务\n第3弹,1630292400,1632945599,2021-08-30 11:00:00,2021-09-30 03:59:59
83,Campaign_83,1631242800,1632106799,2021-09-10 11:00:00,2021-09-20 10:59:59
84,Campaign_84,1632106800,1632884399,2021-09-20 11:00:00,2021-09-29 10:59:59
23,借用次数增加,1632193200,1632772799,2021-09-21 11:00:00,2021-09-28 03:59:59
27,挑战次数增加,1632254400,1632772799,2021-09-22 04:00:00,2021-09-28 03:59:59
105,秋季一级赛事纪念任务第1弹\n短途者锦标赛,1632711600,1633291199,2021-09-27 11:00:00,2021-10-04 03:59:59
85,Campaign_85,1632884400,1633921199,2021-09-29 11:00:00,2021-10-11 10:59:59
86,Campaign_86,1632884400,1633921199,2021-09-29 11:00:00,2021-10-11 10:59:59
87,Campaign_87,1633921200,1634698799,2021-10-11 11:00:00,2021-10-20 10:59:59
106,秋季一级赛事纪念任务第2弹\n秋华奖,1633921200,1634500799,2021-10-11 11:00:00,2021-10-18 03:59:59
107,秋季一级赛事纪念任务第2弹\n菊花奖,1634500800,1635105599,2021-10-18 04:00:00,2021-10-25 03:59:59
117,挑战次数增加,1634587200,1635451199,2021-10-19 04:00:00,2021-10-29 03:59:59
88,Campaign_88,1634698800,1635389999,2021-10-20 11:00:00,2021-10-28 10:59:59
120,特雷森学园特设\n金牌训练员之路！第2弹,1634698800,2539367999,2021-10-20 11:00:00,2050-06-21 03:59:59
108,秋季一级赛事纪念任务第2弹\n天王奖（秋）,1635105600,1635710399,2021-10-25 04:00:00,2021-11-01 03:59:59
89,Campaign_89,1635390000,1636340399,2021-10-28 11:00:00,2021-11-08 10:59:59
92,Campaign_92,1635390000,1636340399,2021-10-28 11:00:00,2021-11-08 10:59:59
93,Campaign_93,1636340400,1637290799,2021-11-08 11:00:00,2021-11-19 10:59:59
109,秋季一级赛事纪念任务第3弹\n伊丽莎白女王杯,1636340400,1636919999,2021-11-08 11:00:00,2021-11-15 03:59:59
110,秋季一级赛事纪念任务第3弹\n英里冠军赛,1636920000,1637524799,2021-11-15 04:00:00,2021-11-22 03:59:59
62,表演秀模式,1636945200,1637895599,2021-11-15 11:00:00,2021-11-26 10:59:59
94,Campaign_94,1637290800,1638154799,2021-11-19 11:00:00,2021-11-29 10:59:59
118,挑战次数增加,1637352000,1638215999,2021-11-20 04:00:00,2021-11-30 03:59:59
111,秋季一级赛事纪念任务第3弹\n全国杯,1637524800,1638129599,2021-11-22 04:00:00,2021-11-29 03:59:59
112,秋季一级赛事纪念任务第3弹\n全国冠军杯,1638129600,1638734399,2021-11-29 04:00:00,2021-12-06 03:59:59
95,Campaign_95,1638154800,1639450799,2021-11-29 11:00:00,2021-12-14 10:59:59
96,Campaign_96,1638154800,1639450799,2021-11-29 11:00:00,2021-12-14 10:59:59
113,秋季一级赛事纪念任务第3弹\n阪神初级少女杯赛,1638734400,1639339199,2021-12-06 04:00:00,2021-12-13 03:59:59
97,指定赛事奖励追加碎片,1639166400,1639339199,2021-12-11 04:00:00,2021-12-13 03:59:59
114,秋季一级赛事纪念任务第3弹\n朝日杯未来锦标赛,1639339200,1639943999,2021-12-13 04:00:00,2021-12-20 03:59:59
98,Campaign_98,1639450800,1640141999,2021-12-14 11:00:00,2021-12-22 10:59:59
103,指定赛事奖励追加碎片,1639771200,1639943999,2021-12-18 04:00:00,2021-12-20 03:59:59
119,挑战次数增加,1639771200,1640635199,2021-12-18 04:00:00,2021-12-28 03:59:59
115,秋季一级赛事纪念任务第3弹\n中山大奖赛,1639944000,1640548799,2021-12-20 04:00:00,2021-12-27 03:59:59
104,Campaign_104,1640142000,1640919599,2021-12-22 11:00:00,2021-12-31 10:59:59
121,指定赛事奖励追加碎片,1640376000,1640548799,2021-12-25 04:00:00,2021-12-27 03:59:59
116,秋季一级赛事纪念任务第3弹\n希望锦标赛,1640548800,1640721599,2021-12-27 04:00:00,2021-12-29 03:59:59
122,指定赛事奖励追加碎片,1640548800,1640721599,2021-12-27 04:00:00,2021-12-29 03:59:59
123,抽中温泉旅行券的概率提升,1640574000,1641868199,2021-12-27 11:00:00,2022-01-11 10:29:59
124,消耗训练值 1/2,1640574000,1641351599,2021-12-27 11:00:00,2022-01-05 10:59:59
128,Campaign_128,1640919600,1641869999,2021-12-31 11:00:00,2022-01-11 10:59:59
125,“胜利时必得”概率提升,1641931200,1643313599,2022-01-12 04:00:00,2022-01-28 03:59:59
126,挑战次数增加,1641931200,1643313599,2022-01-12 04:00:00,2022-01-28 03:59:59
129,Campaign_129,1642647600,1643338799,2022-01-20 11:00:00,2022-01-28 10:59:59
135,Campaign_135,1643338800,1644289199,2022-01-28 11:00:00,2022-02-08 10:59:59
136,Campaign_136,1643338800,1644289199,2022-01-28 11:00:00,2022-02-08 10:59:59
140,Campaign_140,1644289200,1644980399,2022-02-08 11:00:00,2022-02-16 10:59:59
130,奖励获得量提升,1644807600,1648522799,2022-02-14 11:00:00,2022-03-29 10:59:59
132,消耗训练值 1/2,1644807600,1648522799,2022-02-14 11:00:00,2022-03-29 10:59:59
134,一级赛事纪念任务\n二月锦标赛,1644807600,1645387199,2022-02-14 11:00:00,2022-02-21 03:59:59
137,1周年庆典纪念任务\n第1弹,1644807600,1648583999,2022-02-14 11:00:00,2022-03-30 03:59:59
214,Campaign_214,1644807600,1645387199,2022-02-14 11:00:00,2022-02-21 03:59:59
131,挑战次数增加,1644868800,1648583999,2022-02-15 04:00:00,2022-03-30 03:59:59
142,Campaign_142,1644980400,1645671599,2022-02-16 11:00:00,2022-02-24 10:59:59
133,指定赛事奖励追加碎片,1645214400,1645387199,2022-02-19 04:00:00,2022-02-21 03:59:59
138,1周年庆典纪念任务\n第2弹,1645671600,1648583999,2022-02-24 11:00:00,2022-03-30 03:59:59
143,Campaign_143,1645671600,1646621999,2022-02-24 11:00:00,2022-03-07 10:59:59
144,Campaign_144,1645671600,1646621999,2022-02-24 11:00:00,2022-03-07 10:59:59
139,1周年庆典纪念任务\n第3弹,1646622000,1648583999,2022-03-07 11:00:00,2022-03-30 03:59:59
145,Campaign_145,1646622000,1647572399,2022-03-07 11:00:00,2022-03-18 10:59:59
314,亲密度获得量提升,1647226800,1647892799,2022-03-14 11:00:00,2022-03-22 03:59:59
315,亲密度获得量提升,1647226800,1647892799,2022-03-14 11:00:00,2022-03-22 03:59:59
141,特雷森学园特设\n金牌训练员之路！第3弹,1647572400,2556043199,2022-03-18 11:00:00,2050-12-31 03:59:59
154,Campaign_154,1647572400,1648522799,2022-03-18 11:00:00,2022-03-29 10:59:59
146,春季一级赛事纪念任务第1弹\n中京短途赛,1647806400,1648411199,2022-03-21 04:00:00,2022-03-28 03:59:59
150,指定赛事奖励追加碎片,1648238400,1648411199,2022-03-26 04:00:00,2022-03-28 03:59:59
147,春季一级赛事纪念任务第1弹\n大阪杯,1648411200,1649015999,2022-03-28 04:00:00,2022-04-04 03:59:59
162,Campaign_162,1648522800,1649645999,2022-03-29 11:00:00,2022-04-11 10:59:59
163,Campaign_163,1648522800,1649645999,2022-03-29 11:00:00,2022-04-11 10:59:59
151,指定赛事奖励追加碎片,1648843200,1649015999,2022-04-02 04:00:00,2022-04-04 03:59:59
148,春季一级赛事纪念任务第1弹\n樱花奖,1649016000,1649620799,2022-04-04 04:00:00,2022-04-11 03:59:59
152,指定赛事奖励追加碎片,1649448000,1649620799,2022-04-09 04:00:00,2022-04-11 03:59:59
149,春季一级赛事纪念任务第1弹\n皋月奖,1649620800,1650225599,2022-04-11 04:00:00,2022-04-18 03:59:59
172,Campaign_172,1649646000,1650337199,2022-04-11 11:00:00,2022-04-19 10:59:59
153,指定赛事奖励追加碎片,1650052800,1650225599,2022-04-16 04:00:00,2022-04-18 03:59:59
173,Campaign_173,1650337200,1651114799,2022-04-19 11:00:00,2022-04-28 10:59:59
155,春季一级赛事纪念任务第2弹\n天王奖（春）,1650855600,1651435199,2022-04-25 11:00:00,2022-05-02 03:59:59
63,小金船模式,1651114800,1652065199,2022-04-28 11:00:00,2022-05-09 10:59:59
174,Campaign_174,1651114800,1652151599,2022-04-28 11:00:00,2022-05-10 10:59:59
175,Campaign_175,1651114800,1652151599,2022-04-28 11:00:00,2022-05-10 10:59:59
177,“胜利时必得”概率提升,1651114800,1652817599,2022-04-28 11:00:00,2022-05-18 03:59:59
176,挑战次数增加,1651176000,1652817599,2022-04-29 04:00:00,2022-05-18 03:59:59
165,指定赛事奖励追加碎片,1651262400,1651435199,2022-04-30 04:00:00,2022-05-02 03:59:59
156,春季一级赛事纪念任务第2弹\n广播协会英里杯,1651435200,1652039999,2022-05-02 04:00:00,2022-05-09 03:59:59
166,指定赛事奖励追加碎片,1651867200,1652039999,2022-05-07 04:00:00,2022-05-09 03:59:59
157,春季一级赛事纪念任务第2弹\n维多利亚英里赛,1652040000,1652644799,2022-05-09 04:00:00,2022-05-16 03:59:59
182,Campaign_182,1652151600,1653015599,2022-05-10 11:00:00,2022-05-20 10:59:59
167,指定赛事奖励追加碎片,1652472000,1652644799,2022-05-14 04:00:00,2022-05-16 03:59:59
158,春季一级赛事纪念任务第2弹\n奥克斯,1652644800,1653249599,2022-05-16 04:00:00,2022-05-23 03:59:59
185,Campaign_185,1653015600,1653879599,2022-05-20 11:00:00,2022-05-30 10:59:59
168,指定赛事奖励追加碎片,1653076800,1653249599,2022-05-21 04:00:00,2022-05-23 03:59:59
159,春季一级赛事纪念任务第2弹\n全国德比,1653249600,1653854399,2022-05-23 04:00:00,2022-05-30 03:59:59
169,指定赛事奖励追加碎片,1653681600,1653854399,2022-05-28 04:00:00,2022-05-30 03:59:59
160,春季一级赛事纪念任务第2弹\n东京英里赛,1653854400,1654459199,2022-05-30 04:00:00,2022-06-06 03:59:59
186,Campaign_186,1653879600,1654829999,2022-05-30 11:00:00,2022-06-10 10:59:59
187,Campaign_187,1653879600,1654829999,2022-05-30 11:00:00,2022-06-10 10:59:59
170,指定赛事奖励追加碎片,1654286400,1654459199,2022-06-04 04:00:00,2022-06-06 03:59:59
189,Campaign_189,1654830000,1655693999,2022-06-10 11:00:00,2022-06-20 10:59:59
188,挑战次数增加,1654891200,1656100799,2022-06-11 04:00:00,2022-06-25 03:59:59
161,春季一级赛事纪念任务第2弹\n宝冢纪念,1655668800,1656273599,2022-06-20 04:00:00,2022-06-27 03:59:59
64,表演秀模式,1655694000,1656557999,2022-06-20 11:00:00,2022-06-30 10:59:59
190,Campaign_190,1655694000,1656557999,2022-06-20 11:00:00,2022-06-30 10:59:59
180,一级赛事纪念任务\n帝王奖,1655953200,1656532799,2022-06-23 11:00:00,2022-06-30 03:59:59
171,指定赛事奖励追加碎片,1656100800,1656273599,2022-06-25 04:00:00,2022-06-27 03:59:59
181,指定赛事奖励追加碎片,1656381600,1656532799,2022-06-28 10:00:00,2022-06-30 03:59:59
191,免费重新挑战次数增加,1656532800,1658260799,2022-06-30 04:00:00,2022-07-20 03:59:59
192,Campaign_192,1656558000,1657508399,2022-06-30 11:00:00,2022-07-11 10:59:59
193,Campaign_193,1656558000,1657508399,2022-06-30 11:00:00,2022-07-11 10:59:59
183,一级赛事纪念任务\n全国泥地德比,1657137600,1657742399,2022-07-07 04:00:00,2022-07-14 03:59:59
211,Campaign_211,1657508400,1658285999,2022-07-11 11:00:00,2022-07-20 10:59:59
184,指定赛事奖励追加碎片,1657569600,1657742399,2022-07-12 04:00:00,2022-07-14 03:59:59
212,Campaign_212,1658286000,1659063599,2022-07-20 11:00:00,2022-07-29 10:59:59
213,Campaign_213,1658286000,1659063599,2022-07-20 11:00:00,2022-07-29 10:59:59
210,挑战次数增加,1658347200,1659124799,2022-07-21 04:00:00,2022-07-30 03:59:59
220,Campaign_220,1659063600,1660100399,2022-07-29 11:00:00,2022-08-10 10:59:59
221,Campaign_221,1660100400,1660877999,2022-08-10 11:00:00,2022-08-19 10:59:59
217,1.5周年庆典\n纪念任务第1弹,1660618800,1664481599,2022-08-16 11:00:00,2022-09-30 03:59:59
222,Campaign_222,1660878000,1661741999,2022-08-19 11:00:00,2022-08-29 10:59:59
218,1.5周年庆典\n纪念任务第2弹,1661310000,1664481599,2022-08-24 11:00:00,2022-09-30 03:59:59
223,奖励获得量提升,1661310000,1664420399,2022-08-24 11:00:00,2022-09-29 10:59:59
225,消耗训练值 1/2,1661310000,1664420399,2022-08-24 11:00:00,2022-09-29 10:59:59
227,Campaign_227,1661310000,1662951599,2022-08-24 11:00:00,2022-09-12 10:59:59
224,挑战次数增加,1661371200,1664481599,2022-08-25 04:00:00,2022-09-30 03:59:59
228,Campaign_228,1661742000,1662951599,2022-08-29 11:00:00,2022-09-12 10:59:59
229,Campaign_229,1661742000,1662951599,2022-08-29 11:00:00,2022-09-12 10:59:59
219,特雷森学园特设\n金牌训练员之路！第4弹,1662087600,2556043199,2022-09-02 11:00:00,2050-12-31 03:59:59
230,Campaign_230,1662951600,1663642799,2022-09-12 11:00:00,2022-09-20 10:59:59
235,Campaign_235,1663642800,1664420399,2022-09-20 11:00:00,2022-09-29 10:59:59
194,秋季一级赛事纪念任务第1弹\n短途者锦标赛,1664161200,1664740799,2022-09-26 11:00:00,2022-10-03 03:59:59
236,Campaign_236,1664420400,1665457199,2022-09-29 11:00:00,2022-10-11 10:59:59
237,Campaign_237,1664420400,1665457199,2022-09-29 11:00:00,2022-10-11 10:59:59
231,指定赛事奖励追加碎片,1664568000,1664740799,2022-10-01 04:00:00,2022-10-03 03:59:59
195,秋季一级赛事纪念任务第1弹\n英里冠军南部杯,1664827200,1665431999,2022-10-04 04:00:00,2022-10-11 03:59:59
232,指定赛事奖励追加碎片,1665259200,1665431999,2022-10-09 04:00:00,2022-10-11 03:59:59
196,秋季一级赛事纪念任务第1弹\n秋华奖,1665345600,1665950399,2022-10-10 04:00:00,2022-10-17 03:59:59
243,Campaign_243,1665457200,1666148399,2022-10-11 11:00:00,2022-10-19 10:59:59
233,指定赛事奖励追加碎片,1665777600,1665950399,2022-10-15 04:00:00,2022-10-17 03:59:59
197,秋季一级赛事纪念任务第1弹\n菊花奖,1665950400,1666555199,2022-10-17 04:00:00,2022-10-24 03:59:59
226,优俊散步活动,1666148400,1666925999,2022-10-19 11:00:00,2022-10-28 10:59:59
245,Campaign_245,1666148400,1666925999,2022-10-19 11:00:00,2022-10-28 10:59:59
244,挑战次数增加,1666296000,1667505599,2022-10-21 04:00:00,2022-11-04 03:59:59
234,指定赛事奖励追加碎片,1666382400,1666555199,2022-10-22 04:00:00,2022-10-24 03:59:59
198,秋季一级赛事纪念任务第2弹\n天王奖（秋）,1666580400,1667159999,2022-10-24 11:00:00,2022-10-31 03:59:59
199,秋季一级赛事纪念任务第2弹\n全国育成杯,1666900800,1667505599,2022-10-28 04:00:00,2022-11-04 03:59:59
249,Campaign_249,1666926000,1667962799,2022-10-28 11:00:00,2022-11-09 10:59:59
250,Campaign_250,1666926000,1667962799,2022-10-28 11:00:00,2022-11-09 10:59:59
238,指定赛事奖励追加碎片,1666987200,1667159999,2022-10-29 04:00:00,2022-10-31 03:59:59
239,指定赛事奖励追加碎片,1667332800,1667505599,2022-11-02 04:00:00,2022-11-04 03:59:59
240,指定赛事奖励追加碎片,1667332800,1667505599,2022-11-02 04:00:00,2022-11-04 03:59:59
241,指定赛事奖励追加碎片,1667332800,1667505599,2022-11-02 04:00:00,2022-11-04 03:59:59
200,秋季一级赛事纪念任务第2弹\n伊丽莎白女王杯,1667764800,1668369599,2022-11-07 04:00:00,2022-11-14 03:59:59
252,Campaign_252,1667962800,1668653999,2022-11-09 11:00:00,2022-11-17 10:59:59
242,指定赛事奖励追加碎片,1668196800,1668369599,2022-11-12 04:00:00,2022-11-14 03:59:59
201,秋季一级赛事纪念任务第2弹\n英里冠军赛,1668369600,1668974399,2022-11-14 04:00:00,2022-11-21 03:59:59
254,消耗训练值 1/2,1668654000,1669604399,2022-11-17 11:00:00,2022-11-28 10:59:59
255,奖励获得量提升,1668654000,1669604399,2022-11-17 11:00:00,2022-11-28 10:59:59
256,Campaign_256,1668654000,1669604399,2022-11-17 11:00:00,2022-11-28 10:59:59
246,指定赛事奖励追加碎片,1668801600,1668974399,2022-11-19 04:00:00,2022-11-21 03:59:59
202,秋季一级赛事纪念任务第2弹\n全国杯,1668974400,1669579199,2022-11-21 04:00:00,2022-11-28 03:59:59
247,指定赛事奖励追加碎片,1669406400,1669579199,2022-11-26 04:00:00,2022-11-28 03:59:59
203,秋季一级赛事纪念任务第2弹\n全国冠军杯,1669579200,1670183999,2022-11-28 04:00:00,2022-12-05 03:59:59
257,亲密度获得量提升,1669604400,1672282799,2022-11-28 11:00:00,2022-12-29 10:59:59
258,亲密度获得量提升,1669604400,1672282799,2022-11-28 11:00:00,2022-12-29 10:59:59
248,指定赛事奖励追加碎片,1670011200,1670183999,2022-12-03 04:00:00,2022-12-05 03:59:59
204,秋季一级赛事纪念任务第3弹\n阪神初级少女杯赛,1670209200,1670788799,2022-12-05 11:00:00,2022-12-12 03:59:59
205,秋季一级赛事纪念任务第3弹\n全国初级优俊,1670443200,1671047999,2022-12-08 04:00:00,2022-12-15 03:59:59
260,指定赛事奖励追加碎片,1670616000,1670788799,2022-12-10 04:00:00,2022-12-12 03:59:59
206,秋季一级赛事纪念任务第3弹\n朝日杯未来锦标赛,1670788800,1671393599,2022-12-12 04:00:00,2022-12-19 03:59:59
266,Campaign_266,1670814000,1671505199,2022-12-12 11:00:00,2022-12-20 10:59:59
259,挑战次数增加,1670875200,1672257599,2022-12-13 04:00:00,2022-12-29 03:59:59
261,指定赛事奖励追加碎片,1670875200,1671047999,2022-12-13 04:00:00,2022-12-15 03:59:59
262,指定赛事奖励追加碎片,1671220800,1671393599,2022-12-17 04:00:00,2022-12-19 03:59:59
207,秋季一级赛事纪念任务第3弹\n中山大奖赛,1671393600,1671998399,2022-12-19 04:00:00,2022-12-26 03:59:59
276,Campaign_276,1671505200,1672282799,2022-12-20 11:00:00,2022-12-29 10:59:59
208,秋季一级赛事纪念任务第3弹\n希望锦标赛,1671652800,1672257599,2022-12-22 04:00:00,2022-12-29 03:59:59
209,秋季一级赛事纪念任务第3弹\n东京盛典赛,1671739200,1672343999,2022-12-23 04:00:00,2022-12-30 03:59:59
263,指定赛事奖励追加碎片,1671825600,1671998399,2022-12-24 04:00:00,2022-12-26 03:59:59
264,指定赛事奖励追加碎片,1672084800,1672257599,2022-12-27 04:00:00,2022-12-29 03:59:59
265,指定赛事奖励追加碎片,1672171200,1672343999,2022-12-28 04:00:00,2022-12-30 03:59:59
267,Campaign_267,1672282800,1673319599,2022-12-29 11:00:00,2023-01-10 10:59:59
268,Campaign_268,1672282800,1673319599,2022-12-29 11:00:00,2023-01-10 10:59:59
285,消耗训练值 1/2,1672282800,1673319599,2022-12-29 11:00:00,2023-01-10 10:59:59
286,抽中温泉旅行券的概率提升,1672282800,1673319599,2022-12-29 11:00:00,2023-01-10 10:59:59
288,抽中温泉旅行券的概率提升,1672282800,1673319599,2022-12-29 11:00:00,2023-01-10 10:59:59
289,抽中温泉旅行券的概率提升,1672282800,1673319599,2022-12-29 11:00:00,2023-01-10 10:59:59
251,养成奖励3倍活动,1672516800,1672775999,2023-01-01 04:00:00,2023-01-04 03:59:59
253,【新年特别版】奖励获得量提升,1672516800,2556043199,2023-01-01 04:00:00,2050-12-31 03:59:59
280,指定赛事奖励追加碎片,1672776000,1672948799,2023-01-04 04:00:00,2023-01-06 03:59:59
281,指定赛事奖励追加碎片,1673035200,1673207999,2023-01-07 04:00:00,2023-01-09 03:59:59
272,“胜利时必得”概率提升,1673319600,1674417599,2023-01-10 11:00:00,2023-01-23 03:59:59
287,Campaign_287,1673319600,1674183599,2023-01-10 11:00:00,2023-01-20 10:59:59
271,挑战次数增加,1673380800,1675108799,2023-01-11 04:00:00,2023-01-31 03:59:59
282,指定赛事奖励追加碎片,1673640000,1673812799,2023-01-14 04:00:00,2023-01-16 03:59:59
283,指定赛事奖励追加碎片,1673640000,1673812799,2023-01-14 04:00:00,2023-01-16 03:59:59
279,优俊散步活动,1674183600,1675047599,2023-01-20 11:00:00,2023-01-30 10:59:59
290,消耗训练值 1/2,1674183600,1675047599,2023-01-20 11:00:00,2023-01-30 10:59:59
291,奖励获得量提升,1674183600,1675047599,2023-01-20 11:00:00,2023-01-30 10:59:59
297,Campaign_297,1674183600,1675047599,2023-01-20 11:00:00,2023-01-30 10:59:59
298,Campaign_298,1674183600,1675047599,2023-01-20 11:00:00,2023-01-30 10:59:59
284,指定赛事奖励追加碎片,1674244800,1674417599,2023-01-21 04:00:00,2023-01-23 03:59:59
277,一级赛事纪念任务\n川崎纪念,1674702000,1675281599,2023-01-26 11:00:00,2023-02-02 03:59:59
269,Campaign_269,1675047600,1676257199,2023-01-30 11:00:00,2023-02-13 10:59:59
270,Campaign_270,1675047600,1676257199,2023-01-30 11:00:00,2023-02-13 10:59:59
295,指定赛事奖励追加碎片,1675108800,1675281599,2023-01-31 04:00:00,2023-02-02 03:59:59
278,一级赛事纪念任务\n二月锦标赛,1676232000,1676836799,2023-02-13 04:00:00,2023-02-20 03:59:59
300,Campaign_300,1676257200,1677207599,2023-02-13 11:00:00,2023-02-24 10:59:59
273,奖励获得量提升,1676343600,1680058799,2023-02-14 11:00:00,2023-03-29 10:59:59
275,消耗训练值 1/2,1676343600,1680058799,2023-02-14 11:00:00,2023-03-29 10:59:59
294,Campaign_294,1676343600,1676923199,2023-02-14 11:00:00,2023-02-21 03:59:59
301,2周年庆典\n纪念任务第1弹,1676343600,1680119999,2023-02-14 11:00:00,2023-03-30 03:59:59
318,亲密度获得量提升,1676343600,1676923199,2023-02-14 11:00:00,2023-02-21 03:59:59
319,亲密度获得量提升,1676343600,1676923199,2023-02-14 11:00:00,2023-02-21 03:59:59
274,挑战次数增加,1676404800,1680119999,2023-02-15 04:00:00,2023-03-30 03:59:59
293,借用继承优俊少女消耗金币 1/2,1676404800,1680119999,2023-02-15 04:00:00,2023-03-30 03:59:59
296,指定赛事奖励追加碎片,1676664000,1676836799,2023-02-18 04:00:00,2023-02-20 03:59:59
329,Campaign_329,1676923200,1677009599,2023-02-21 04:00:00,2023-02-22 03:59:59
302,2周年庆典\n纪念任务第2弹,1677207600,1680119999,2023-02-24 11:00:00,2023-03-30 03:59:59
320,Campaign_320,1677207600,1679281199,2023-02-24 11:00:00,2023-03-20 10:59:59
321,Campaign_321,1677207600,1679281199,2023-02-24 11:00:00,2023-03-20 10:59:59
303,2周年庆典\n纪念任务第3弹,1678417200,1680119999,2023-03-10 11:00:00,2023-03-30 03:59:59
324,Campaign_324,1678417200,1679281199,2023-03-10 11:00:00,2023-03-20 10:59:59
322,亲密度获得量提升,1678762800,1679428799,2023-03-14 11:00:00,2023-03-22 03:59:59
323,亲密度获得量提升,1678762800,1679428799,2023-03-14 11:00:00,2023-03-22 03:59:59
304,春季一级赛事纪念任务第1弹\n中京短途赛,1679281200,1679860799,2023-03-20 11:00:00,2023-03-27 03:59:59
330,Campaign_330,1679281200,1680058799,2023-03-20 11:00:00,2023-03-29 10:59:59
292,挑战次数增加,1679342400,1680119999,2023-03-21 04:00:00,2023-03-30 03:59:59
325,指定赛事奖励追加碎片,1679688000,1679860799,2023-03-25 04:00:00,2023-03-27 03:59:59
305,春季一级赛事纪念任务第1弹\n大阪杯,1679860800,1680465599,2023-03-27 04:00:00,2023-04-03 03:59:59
331,Campaign_331,1680058800,1681095599,2023-03-29 11:00:00,2023-04-10 10:59:59
332,Campaign_332,1680058800,1681095599,2023-03-29 11:00:00,2023-04-10 10:59:59
326,指定赛事奖励追加碎片,1680292800,1680465599,2023-04-01 04:00:00,2023-04-03 03:59:59
306,春季一级赛事纪念任务第1弹\n樱花奖,1680465600,1681070399,2023-04-03 04:00:00,2023-04-10 03:59:59
327,指定赛事奖励追加碎片,1680897600,1681070399,2023-04-08 04:00:00,2023-04-10 03:59:59
307,春季一级赛事纪念任务第1弹\n皋月奖,1681070400,1681675199,2023-04-10 04:00:00,2023-04-17 03:59:59
338,Campaign_338,1681095600,1681873199,2023-04-10 11:00:00,2023-04-19 10:59:59
328,指定赛事奖励追加碎片,1681502400,1681675199,2023-04-15 04:00:00,2023-04-17 03:59:59
339,Campaign_339,1681873200,1682650799,2023-04-19 11:00:00,2023-04-28 10:59:59
308,春季一级赛事纪念任务第2弹\n天王奖（春）,1682305200,1682884799,2023-04-24 11:00:00,2023-05-01 03:59:59
309,春季一级赛事纪念任务第2弹\n柏市纪念,1682625600,1683230399,2023-04-28 04:00:00,2023-05-05 03:59:59
333,辣妹散步活动,1682650800,1683687599,2023-04-28 11:00:00,2023-05-10 10:59:59
340,消耗训练值 1/2,1682650800,1684353599,2023-04-28 11:00:00,2023-05-18 03:59:59
341,亲密度获得量提升,1682650800,1683687599,2023-04-28 11:00:00,2023-05-10 10:59:59
342,亲密度获得量提升,1682650800,1683687599,2023-04-28 11:00:00,2023-05-10 10:59:59
343,“胜利时必得”概率提升,1682650800,1684353599,2023-04-28 11:00:00,2023-05-18 03:59:59
345,Campaign_345,1682650800,1683687599,2023-04-28 11:00:00,2023-05-10 10:59:59
350,Campaign_350,1682650800,1683687599,2023-04-28 11:00:00,2023-05-10 10:59:59
351,Campaign_351,1682650800,1683687599,2023-04-28 11:00:00,2023-05-10 10:59:59
352,Campaign_352,1682650800,1683687599,2023-04-28 11:00:00,2023-05-10 10:59:59
353,Campaign_353,1682650800,1683687599,2023-04-28 11:00:00,2023-05-10 10:59:59
334,指定赛事奖励追加碎片,1682712000,1682884799,2023-04-29 04:00:00,2023-05-01 03:59:59
344,挑战次数增加,1682712000,1684353599,2023-04-29 04:00:00,2023-05-18 03:59:59
310,春季一级赛事纪念任务第2弹\n广播协会英里杯,1682884800,1683489599,2023-05-01 04:00:00,2023-05-08 03:59:59
335,指定赛事奖励追加碎片,1683057600,1683230399,2023-05-03 04:00:00,2023-05-05 03:59:59
336,指定赛事奖励追加碎片,1683316800,1683489599,2023-05-06 04:00:00,2023-05-08 03:59:59
311,春季一级赛事纪念任务第2弹\n维多利亚英里赛,1683489600,1684094399,2023-05-08 04:00:00,2023-05-15 03:59:59
354,Campaign_354,1683687600,1684465199,2023-05-10 11:00:00,2023-05-19 10:59:59
337,指定赛事奖励追加碎片,1683921600,1684094399,2023-05-13 04:00:00,2023-05-15 03:59:59
312,春季一级赛事纪念任务第2弹\n奥克斯,1684094400,1684699199,2023-05-15 04:00:00,2023-05-22 03:59:59
355,Campaign_355,1684465200,1685329199,2023-05-19 11:00:00,2023-05-29 10:59:59
346,指定赛事奖励追加碎片,1684526400,1684699199,2023-05-20 04:00:00,2023-05-22 03:59:59
313,春季一级赛事纪念任务第2弹\n全国德比,1684699200,1685303999,2023-05-22 04:00:00,2023-05-29 03:59:59
347,指定赛事奖励追加碎片,1685131200,1685303999,2023-05-27 04:00:00,2023-05-29 03:59:59
316,春季一级赛事纪念任务第2弹\n东京英里赛,1685304000,1685908799,2023-05-29 04:00:00,2023-06-05 03:59:59
356,Campaign_356,1685329200,1686279599,2023-05-29 11:00:00,2023-06-09 10:59:59
357,Campaign_357,1685329200,1686279599,2023-05-29 11:00:00,2023-06-09 10:59:59
348,指定赛事奖励追加碎片,1685736000,1685908799,2023-06-03 04:00:00,2023-06-05 03:59:59
358,Campaign_358,1686279600,1687143599,2023-06-09 11:00:00,2023-06-19 10:59:59
359,Campaign_359,1686279600,1687143599,2023-06-09 11:00:00,2023-06-19 10:59:59
317,春季一级赛事纪念任务第2弹\n宝冢纪念,1687118400,1687723199,2023-06-19 04:00:00,2023-06-26 03:59:59
366,Campaign_366,1687143600,1688007599,2023-06-19 11:00:00,2023-06-29 10:59:59
369,挑战次数增加,1687204800,1688932799,2023-06-20 04:00:00,2023-07-10 03:59:59
360,一级赛事纪念任务\n帝王奖,1687402800,1687982399,2023-06-22 11:00:00,2023-06-29 03:59:59
349,指定赛事奖励追加碎片,1687550400,1687723199,2023-06-24 04:00:00,2023-06-26 03:59:59
362,指定赛事奖励追加碎片,1687809600,1687982399,2023-06-27 04:00:00,2023-06-29 03:59:59
367,Campaign_367,1688007600,1688957999,2023-06-29 11:00:00,2023-07-10 10:59:59
368,Campaign_368,1688007600,1688957999,2023-06-29 11:00:00,2023-07-10 10:59:59
361,一级赛事纪念任务\n全国泥地德比,1688587200,1689191999,2023-07-06 04:00:00,2023-07-13 03:59:59
371,Campaign_371,1688958000,1689908399,2023-07-10 11:00:00,2023-07-21 10:59:59
363,指定赛事奖励追加碎片,1689019200,1689191999,2023-07-11 04:00:00,2023-07-13 03:59:59
375,Campaign_375,1689908400,1690772399,2023-07-21 11:00:00,2023-07-31 10:59:59
376,Campaign_376,1690772400,1691981999,2023-07-31 11:00:00,2023-08-14 10:59:59
377,Campaign_377,1690772400,1691981999,2023-07-31 11:00:00,2023-08-14 10:59:59
364,Campaign_364,1691982000,1696017599,2023-08-14 11:00:00,2023-09-30 03:59:59
370,优俊散步活动,1691982000,1692845999,2023-08-14 11:00:00,2023-08-24 10:59:59
372,2.5周年庆典\n纪念任务第1弹,1691982000,1696017599,2023-08-14 11:00:00,2023-09-30 03:59:59
378,Campaign_378,1691982000,1692845999,2023-08-14 11:00:00,2023-08-24 10:59:59
379,Campaign_379,1691982000,1692845999,2023-08-14 11:00:00,2023-08-24 10:59:59
380,Campaign_380,1691982000,1695956399,2023-08-14 11:00:00,2023-09-29 10:59:59
381,Campaign_381,1691982000,1695956399,2023-08-14 11:00:00,2023-09-29 10:59:59
382,Campaign_382,1691982000,1695956399,2023-08-14 11:00:00,2023-09-29 10:59:59
383,Campaign_383,1691982000,1695956399,2023-08-14 11:00:00,2023-09-29 10:59:59
384,Campaign_384,1691982000,1695956399,2023-08-14 11:00:00,2023-09-29 10:59:59
385,Campaign_385,1691982000,1695956399,2023-08-14 11:00:00,2023-09-29 10:59:59
386,Campaign_386,1691982000,1695956399,2023-08-14 11:00:00,2023-09-29 10:59:59
387,Campaign_387,1691982000,1695956399,2023-08-14 11:00:00,2023-09-29 10:59:59
388,Campaign_388,1691982000,1695956399,2023-08-14 11:00:00,2023-09-29 10:59:59
389,Campaign_389,1691982000,1695956399,2023-08-14 11:00:00,2023-09-29 10:59:59
390,Campaign_390,1691982000,1695956399,2023-08-14 11:00:00,2023-09-29 10:59:59
391,Campaign_391,1691982000,1695956399,2023-08-14 11:00:00,2023-09-29 10:59:59
392,Campaign_392,1691982000,1695956399,2023-08-14 11:00:00,2023-09-29 10:59:59
393,Campaign_393,1691982000,1695956399,2023-08-14 11:00:00,2023-09-29 10:59:59
394,Campaign_394,1691982000,1695956399,2023-08-14 11:00:00,2023-09-29 10:59:59
395,Campaign_395,1691982000,1695956399,2023-08-14 11:00:00,2023-09-29 10:59:59
396,Campaign_396,1691982000,1695956399,2023-08-14 11:00:00,2023-09-29 10:59:59
397,Campaign_397,1691982000,1695956399,2023-08-14 11:00:00,2023-09-29 10:59:59
398,Campaign_398,1691982000,1695956399,2023-08-14 11:00:00,2023-09-29 10:59:59
399,Campaign_399,1691982000,1695956399,2023-08-14 11:00:00,2023-09-29 10:59:59
400,Campaign_400,1691982000,1695956399,2023-08-14 11:00:00,2023-09-29 10:59:59
401,Campaign_401,1691982000,1695956399,2023-08-14 11:00:00,2023-09-29 10:59:59
402,Campaign_402,1691982000,1695956399,2023-08-14 11:00:00,2023-09-29 10:59:59
403,Campaign_403,1691982000,1695956399,2023-08-14 11:00:00,2023-09-29 10:59:59
404,Campaign_404,1691982000,1695956399,2023-08-14 11:00:00,2023-09-29 10:59:59
405,Campaign_405,1691982000,1695956399,2023-08-14 11:00:00,2023-09-29 10:59:59
460,挑战次数增加,1692043200,1696017599,2023-08-15 04:00:00,2023-09-30 03:59:59
365,重新获得因子次数增加,1692846000,1693771199,2023-08-24 11:00:00,2023-09-04 03:59:59
373,2.5周年庆典\n纪念任务第2弹,1692846000,1696017599,2023-08-24 11:00:00,2023-09-30 03:59:59
406,Campaign_406,1692846000,1694401199,2023-08-24 11:00:00,2023-09-11 10:59:59
407,Campaign_407,1692846000,1695956399,2023-08-24 11:00:00,2023-09-29 10:59:59
408,Campaign_408,1692846000,1695956399,2023-08-24 11:00:00,2023-09-29 10:59:59
409,Campaign_409,1692846000,1695956399,2023-08-24 11:00:00,2023-09-29 10:59:59
410,Campaign_410,1692846000,1695956399,2023-08-24 11:00:00,2023-09-29 10:59:59
411,Campaign_411,1692846000,1695956399,2023-08-24 11:00:00,2023-09-29 10:59:59
412,Campaign_412,1692846000,1695956399,2023-08-24 11:00:00,2023-09-29 10:59:59
413,Campaign_413,1692846000,1695956399,2023-08-24 11:00:00,2023-09-29 10:59:59
414,Campaign_414,1692846000,1695956399,2023-08-24 11:00:00,2023-09-29 10:59:59
415,Campaign_415,1692846000,1695956399,2023-08-24 11:00:00,2023-09-29 10:59:59
416,Campaign_416,1692846000,1695956399,2023-08-24 11:00:00,2023-09-29 10:59:59
417,Campaign_417,1692846000,1695956399,2023-08-24 11:00:00,2023-09-29 10:59:59
418,Campaign_418,1692846000,1695956399,2023-08-24 11:00:00,2023-09-29 10:59:59
419,Campaign_419,1692846000,1695956399,2023-08-24 11:00:00,2023-09-29 10:59:59
420,Campaign_420,1692846000,1695956399,2023-08-24 11:00:00,2023-09-29 10:59:59
421,Campaign_421,1692846000,1695956399,2023-08-24 11:00:00,2023-09-29 10:59:59
422,Campaign_422,1692846000,1695956399,2023-08-24 11:00:00,2023-09-29 10:59:59
423,Campaign_423,1692846000,1695956399,2023-08-24 11:00:00,2023-09-29 10:59:59
424,Campaign_424,1692846000,1695956399,2023-08-24 11:00:00,2023-09-29 10:59:59
425,Campaign_425,1692846000,1695956399,2023-08-24 11:00:00,2023-09-29 10:59:59
426,Campaign_426,1692846000,1695956399,2023-08-24 11:00:00,2023-09-29 10:59:59
427,Campaign_427,1692846000,1695956399,2023-08-24 11:00:00,2023-09-29 10:59:59
428,Campaign_428,1692846000,1695956399,2023-08-24 11:00:00,2023-09-29 10:59:59
429,Campaign_429,1692846000,1695956399,2023-08-24 11:00:00,2023-09-29 10:59:59
430,Campaign_430,1692846000,1695956399,2023-08-24 11:00:00,2023-09-29 10:59:59
431,Campaign_431,1692846000,1695956399,2023-08-24 11:00:00,2023-09-29 10:59:59
432,Campaign_432,1692846000,1695956399,2023-08-24 11:00:00,2023-09-29 10:59:59
461,奖励获得量提升,1692846000,1695956399,2023-08-24 11:00:00,2023-09-29 10:59:59
462,消耗训练值 1/2,1692846000,1695956399,2023-08-24 11:00:00,2023-09-29 10:59:59
463,借用继承优俊少女消耗金币1/2,1692907200,1696017599,2023-08-25 04:00:00,2023-09-30 03:59:59
28,回忆书签\n协助卡获取任务,1693796400,2539367999,2023-09-04 11:00:00,2050-06-21 03:59:59
374,2.5周年庆典\n纪念任务第3弹,1693796400,1696017599,2023-09-04 11:00:00,2023-09-30 03:59:59
433,Campaign_433,1693796400,1695956399,2023-09-04 11:00:00,2023-09-29 10:59:59
434,Campaign_434,1693796400,1695956399,2023-09-04 11:00:00,2023-09-29 10:59:59
435,Campaign_435,1693796400,1695956399,2023-09-04 11:00:00,2023-09-29 10:59:59
436,Campaign_436,1693796400,1695956399,2023-09-04 11:00:00,2023-09-29 10:59:59
437,Campaign_437,1693796400,1695956399,2023-09-04 11:00:00,2023-09-29 10:59:59
438,Campaign_438,1693796400,1695956399,2023-09-04 11:00:00,2023-09-29 10:59:59
439,Campaign_439,1693796400,1695956399,2023-09-04 11:00:00,2023-09-29 10:59:59
440,Campaign_440,1693796400,1695956399,2023-09-04 11:00:00,2023-09-29 10:59:59
441,Campaign_441,1693796400,1695956399,2023-09-04 11:00:00,2023-09-29 10:59:59
442,Campaign_442,1693796400,1695956399,2023-09-04 11:00:00,2023-09-29 10:59:59
443,Campaign_443,1693796400,1695956399,2023-09-04 11:00:00,2023-09-29 10:59:59
444,Campaign_444,1693796400,1695956399,2023-09-04 11:00:00,2023-09-29 10:59:59
445,Campaign_445,1693796400,1695956399,2023-09-04 11:00:00,2023-09-29 10:59:59
446,Campaign_446,1693796400,1695956399,2023-09-04 11:00:00,2023-09-29 10:59:59
447,Campaign_447,1693796400,1695956399,2023-09-04 11:00:00,2023-09-29 10:59:59
448,Campaign_448,1693796400,1695956399,2023-09-04 11:00:00,2023-09-29 10:59:59
449,Campaign_449,1693796400,1695956399,2023-09-04 11:00:00,2023-09-29 10:59:59
450,Campaign_450,1693796400,1695956399,2023-09-04 11:00:00,2023-09-29 10:59:59
451,Campaign_451,1693796400,1695956399,2023-09-04 11:00:00,2023-09-29 10:59:59
452,Campaign_452,1693796400,1695956399,2023-09-04 11:00:00,2023-09-29 10:59:59
453,Campaign_453,1693796400,1695956399,2023-09-04 11:00:00,2023-09-29 10:59:59
454,Campaign_454,1693796400,1695956399,2023-09-04 11:00:00,2023-09-29 10:59:59
455,Campaign_455,1693796400,1695956399,2023-09-04 11:00:00,2023-09-29 10:59:59
456,Campaign_456,1693796400,1695956399,2023-09-04 11:00:00,2023-09-29 10:59:59
457,Campaign_457,1693796400,1695956399,2023-09-04 11:00:00,2023-09-29 10:59:59
458,Campaign_458,1693796400,1695956399,2023-09-04 11:00:00,2023-09-29 10:59:59
464,挑战次数增加,1693857600,1694721599,2023-09-05 04:00:00,2023-09-15 03:59:59
459,Campaign_459,1695178800,1695956399,2023-09-20 11:00:00,2023-09-29 10:59:59
466,秋のGⅠ記念ミッション 第1弾\nスプリンターズS,1695610800,1696190399,2023-09-25 11:00:00,2023-10-02 03:59:59
484,Campaign_484,1695956400,1696906799,2023-09-29 11:00:00,2023-10-10 10:59:59
485,Campaign_485,1695956400,1696906799,2023-09-29 11:00:00,2023-10-10 10:59:59
467,秋のGⅠ記念ミッション 第1弾\nマイルCS南部杯,1696276800,1696881599,2023-10-03 04:00:00,2023-10-10 03:59:59
465,報酬UP,1696474800,1696967999,2023-10-05 11:00:00,2023-10-11 03:59:59
468,秋のGⅠ記念ミッション 第1弾\n秋華賞,1696795200,1697399999,2023-10-09 04:00:00,2023-10-16 03:59:59
482,特定レース報酬ピース追加,1697227200,1697399999,2023-10-14 04:00:00,2023-10-16 03:59:59
469,秋のGⅠ記念ミッション 第1弾\n菊花賞,1697400000,1698004799,2023-10-16 04:00:00,2023-10-23 03:59:59
491,Campaign_491,1697684400,1698634799,2023-10-19 11:00:00,2023-10-30 10:59:59
483,特定レース報酬ピース追加,1697832000,1698004799,2023-10-21 04:00:00,2023-10-23 03:59:59
470,秋のGⅠ記念ミッション 第2弾\n天皇賞（秋）,1698030000,1698609599,2023-10-23 11:00:00,2023-10-30 03:59:59
471,秋のGⅠ記念ミッション 第2弾\nJBC2023,1698436800,1699041599,2023-10-28 04:00:00,2023-11-04 03:59:59
486,特定レース報酬ピース追加,1698436800,1698609599,2023-10-28 04:00:00,2023-10-30 03:59:59
493,Campaign_493,1698634800,1699498799,2023-10-30 11:00:00,2023-11-09 10:59:59
494,Campaign_494,1698634800,1699498799,2023-10-30 11:00:00,2023-11-09 10:59:59
495,挑戦回数UP,1698696000,1700423999,2023-10-31 04:00:00,2023-11-20 03:59:59
487,特定レース報酬ピース追加,1698868800,1699041599,2023-11-02 04:00:00,2023-11-04 03:59:59
488,特定レース報酬ピース追加,1698868800,1699041599,2023-11-02 04:00:00,2023-11-04 03:59:59
489,特定レース報酬ピース追加,1698868800,1699041599,2023-11-02 04:00:00,2023-11-04 03:59:59
472,秋のGⅠ記念ミッション 第2弾\nエリザベス女王杯,1699214400,1699819199,2023-11-06 04:00:00,2023-11-13 03:59:59
490,特定レース報酬ピース追加,1699646400,1699819199,2023-11-11 04:00:00,2023-11-13 03:59:59
473,秋のGⅠ記念ミッション 第2弾\nマイルCS,1699819200,1700423999,2023-11-13 04:00:00,2023-11-20 03:59:59
496,特定レース報酬ピース追加,1700251200,1700423999,2023-11-18 04:00:00,2023-11-20 03:59:59
474,秋のGⅠ記念ミッション 第2弾\nジャパンカップ,1700424000,1701028799,2023-11-20 04:00:00,2023-11-27 03:59:59
499,Campaign_499,1700449200,1701313199,2023-11-20 11:00:00,2023-11-30 10:59:59
497,特定レース報酬ピース追加,1700856000,1701028799,2023-11-25 04:00:00,2023-11-27 03:59:59
475,秋のGⅠ記念ミッション 第2弾\nチャンピオンズC,1701028800,1701633599,2023-11-27 04:00:00,2023-12-04 03:59:59
500,Campaign_500,1701313200,1702263599,2023-11-30 11:00:00,2023-12-11 10:59:59
498,特定レース報酬ピース追加,1701460800,1701633599,2023-12-02 04:00:00,2023-12-04 03:59:59
476,秋のGⅠ記念ミッション 第3弾\n阪神JF,1701658800,1702238399,2023-12-04 11:00:00,2023-12-11 03:59:59
477,秋のGⅠ記念ミッション 第3弾\n全日本ジュニア優駿,1701892800,1702497599,2023-12-07 04:00:00,2023-12-14 03:59:59
502,特定レース報酬ピース追加,1702065600,1702238399,2023-12-09 04:00:00,2023-12-11 03:59:59
478,秋のGⅠ記念ミッション 第3弾\n朝日杯FS,1702238400,1702843199,2023-12-11 04:00:00,2023-12-18 03:59:59
501,Campaign_501,1702263600,1703041199,2023-12-11 11:00:00,2023-12-20 10:59:59
506,親愛度獲得量UP,1702263600,1703732399,2023-12-11 11:00:00,2023-12-28 10:59:59
507,親愛度獲得量UP,1702263600,1703732399,2023-12-11 11:00:00,2023-12-28 10:59:59
503,特定レース報酬ピース追加,1702324800,1702497599,2023-12-12 04:00:00,2023-12-14 03:59:59
505,挑戦回数UP,1702324800,1703707199,2023-12-12 04:00:00,2023-12-28 03:59:59
504,特定レース報酬ピース追加,1702670400,1702843199,2023-12-16 04:00:00,2023-12-18 03:59:59
479,秋のGⅠ記念ミッション 第3弾\n有馬記念,1702843200,1703447999,2023-12-18 04:00:00,2023-12-25 03:59:59
512,Campaign_512,1703041200,1703732399,2023-12-20 11:00:00,2023-12-28 10:59:59
480,秋のGⅠ記念ミッション 第3弾\nホープフルS,1703188800,1703793599,2023-12-22 04:00:00,2023-12-29 03:59:59
481,秋のGⅠ記念ミッション 第3弾\n東京大賞典,1703275200,1703879999,2023-12-23 04:00:00,2023-12-30 03:59:59
508,特定レース報酬ピース追加,1703275200,1703447999,2023-12-23 04:00:00,2023-12-25 03:59:59
509,特定レース報酬ピース追加,1703620800,1703793599,2023-12-27 04:00:00,2023-12-29 03:59:59
510,特定レース報酬ピース追加,1703707200,1703879999,2023-12-28 04:00:00,2023-12-30 03:59:59
513,Campaign_513,1703732400,1704769199,2023-12-28 11:00:00,2024-01-09 10:59:59
514,TP消費 1/2,1703732400,1704769199,2023-12-28 11:00:00,2024-01-09 10:59:59
515,無料コンティニュー回数UP,1703793600,1704830399,2023-12-29 04:00:00,2024-01-10 03:59:59
516,育成報酬3倍キャンペーン,1704052800,1704743999,2024-01-01 04:00:00,2024-01-09 03:59:59
517,【正月特別版】報酬獲得量UP,1704052800,2556043199,2024-01-01 04:00:00,2050-12-31 03:59:59
518,特定レース報酬ピース追加,1704398400,1704571199,2024-01-05 04:00:00,2024-01-07 03:59:59
519,特定レース報酬ピース追加,1704398400,1704571199,2024-01-05 04:00:00,2024-01-07 03:59:59
520,特定レース報酬ピース追加,1704571200,1704743999,2024-01-07 04:00:00,2024-01-09 03:59:59
521,親愛度獲得量UP,1704769200,1706669999,2024-01-09 11:00:00,2024-01-31 10:59:59
522,親愛度獲得量UP,1704769200,1706669999,2024-01-09 11:00:00,2024-01-31 10:59:59
523,「WINで確定」確率UP,1704769200,1706731199,2024-01-09 11:00:00,2024-02-01 03:59:59
528,Campaign_528,1704769200,1705633199,2024-01-09 11:00:00,2024-01-19 10:59:59
524,挑戦回数UP,1704830400,1706731199,2024-01-10 04:00:00,2024-02-01 03:59:59
525,特定レース報酬ピース追加,1705089600,1705262399,2024-01-13 04:00:00,2024-01-15 03:59:59
526,特定レース報酬ピース追加,1705089600,1705262399,2024-01-13 04:00:00,2024-01-15 03:59:59
529,Campaign_529,1705633200,1706669999,2024-01-19 11:00:00,2024-01-31 10:59:59
527,特定レース報酬ピース追加,1705694400,1705867199,2024-01-20 04:00:00,2024-01-22 03:59:59
530,Campaign_530,1706670000,1707879599,2024-01-31 11:00:00,2024-02-14 10:59:59
531,GⅠ記念ミッション\nフェブラリーステークス,1707706800,1708286399,2024-02-12 11:00:00,2024-02-19 03:59:59
511,Campaign_511,1707879600,1708459199,2024-02-14 11:00:00,2024-02-21 03:59:59
533,報酬獲得量UP,1707879600,1711681199,2024-02-14 11:00:00,2024-03-29 10:59:59
535,TP消費 1/2,1707879600,1711681199,2024-02-14 11:00:00,2024-03-29 10:59:59
536,因子再獲得回数増加,1707879600,1711742399,2024-02-14 11:00:00,2024-03-30 03:59:59
538,Campaign_538,1707879600,1711681199,2024-02-14 11:00:00,2024-03-29 10:59:59
539,Campaign_539,1707879600,1711681199,2024-02-14 11:00:00,2024-03-29 10:59:59
628,親愛度獲得量UP,1707879600,1708459199,2024-02-14 11:00:00,2024-02-21 03:59:59
629,親愛度獲得量UP,1707879600,1708459199,2024-02-14 11:00:00,2024-02-21 03:59:59
630,Campaign_630,1707879600,1711742399,2024-02-14 11:00:00,2024-03-30 03:59:59
631,3rd Anniversary\n記念ミッション 第1弾,1707879600,1711742399,2024-02-14 11:00:00,2024-03-30 03:59:59
534,挑戦回数UP,1707940800,1711742399,2024-02-15 04:00:00,2024-03-30 03:59:59
537,継承ウマ娘レンタル消費マニー1/2,1707940800,1711742399,2024-02-15 04:00:00,2024-03-30 03:59:59
532,特定レース報酬ピース追加,1708113600,1708286399,2024-02-17 04:00:00,2024-02-19 03:59:59
540,Campaign_540,1708743600,1711681199,2024-02-24 11:00:00,2024-03-29 10:59:59
541,Campaign_541,1708743600,1711681199,2024-02-24 11:00:00,2024-03-29 10:59:59
632,3rd Anniversary\n記念ミッション 第2弾,1708743600,1711742399,2024-02-24 11:00:00,2024-03-30 03:59:59
634,レンタル回数UP,1708743600,1711742399,2024-02-24 11:00:00,2024-03-30 03:59:59
542,Campaign_542,1710212400,1711681199,2024-03-12 11:00:00,2024-03-29 10:59:59
543,Campaign_543,1710212400,1711681199,2024-03-12 11:00:00,2024-03-29 10:59:59
633,3rd Anniversary\n記念ミッション 第3弾,1710212400,1711742399,2024-03-12 11:00:00,2024-03-30 03:59:59
559,親愛度獲得量UP,1710385200,1711051199,2024-03-14 11:00:00,2024-03-22 03:59:59
560,親愛度獲得量UP,1710385200,1711051199,2024-03-14 11:00:00,2024-03-22 03:59:59
545,春のGⅠ記念ミッション 第1弾\n高松宮記念,1710730800,1711310399,2024-03-18 11:00:00,2024-03-25 03:59:59
544,Campaign_544,1710990000,1711681199,2024-03-21 11:00:00,2024-03-29 10:59:59
641,挑戦回数UP,1711051200,1711742399,2024-03-22 04:00:00,2024-03-30 03:59:59
635,特定レース報酬ピース追加,1711137600,1711310399,2024-03-23 04:00:00,2024-03-25 03:59:59
546,春のGⅠ記念ミッション 第1弾\n大阪杯,1711310400,1711915199,2024-03-25 04:00:00,2024-04-01 03:59:59
547,春のGⅠ記念ミッション 第1弾\n川崎記念,1711569600,1712174399,2024-03-28 04:00:00,2024-04-04 03:59:59
561,Campaign_561,1711681200,1712631599,2024-03-29 11:00:00,2024-04-09 10:59:59
636,特定レース報酬ピース追加,1711742400,1711915199,2024-03-30 04:00:00,2024-04-01 03:59:59
548,春のGⅠ記念ミッション 第1弾\n桜花賞,1711915200,1712519999,2024-04-01 04:00:00,2024-04-08 03:59:59
637,特定レース報酬ピース追加,1712001600,1712174399,2024-04-02 04:00:00,2024-04-04 03:59:59
638,特定レース報酬ピース追加,1712347200,1712519999,2024-04-06 04:00:00,2024-04-08 03:59:59
549,春のGⅠ記念ミッション 第1弾\n皐月賞,1712520000,1713124799,2024-04-08 04:00:00,2024-04-15 03:59:59
642,Campaign_642,1712631600,1713495599,2024-04-09 11:00:00,2024-04-19 10:59:59
639,特定レース報酬ピース追加,1712952000,1713124799,2024-04-13 04:00:00,2024-04-15 03:59:59
651,Campaign_651,1713495600,1714445999,2024-04-19 11:00:00,2024-04-30 10:59:59
550,春のGⅠ記念ミッション 第1弾\n天皇賞（春）,1713729600,1714334399,2024-04-22 04:00:00,2024-04-29 03:59:59
551,春のGⅠ記念ミッション 第2弾\nかしわ記念,1714014000,1714593599,2024-04-25 11:00:00,2024-05-02 03:59:59
640,特定レース報酬ピース追加,1714161600,1714334399,2024-04-27 04:00:00,2024-04-29 03:59:59
552,春のGⅠ記念ミッション 第2弾\nNHKマイルカップ,1714334400,1714939199,2024-04-29 04:00:00,2024-05-06 03:59:59
643,特定レース報酬ピース追加,1714420800,1714593599,2024-04-30 04:00:00,2024-05-02 03:59:59
652,Campaign_652,1714446000,1715309999,2024-04-30 11:00:00,2024-05-10 10:59:59
653,報酬獲得量UP,1714446000,1716148799,2024-04-30 11:00:00,2024-05-20 03:59:59
654,TP消費 1/2,1714446000,1716148799,2024-04-30 11:00:00,2024-05-20 03:59:59
655,「WINで確定」確率UP,1714446000,1716148799,2024-04-30 11:00:00,2024-05-20 03:59:59
656,親愛度獲得量UP,1714446000,1716148799,2024-04-30 11:00:00,2024-05-20 03:59:59
657,親愛度獲得量UP,1714446000,1716148799,2024-04-30 11:00:00,2024-05-20 03:59:59
661,Campaign_661,1714446000,1715309999,2024-04-30 11:00:00,2024-05-10 10:59:59
658,無料コンティニュー回数UP,1714507200,1716148799,2024-05-01 04:00:00,2024-05-20 03:59:59
659,挑戦回数UP,1714507200,1716148799,2024-05-01 04:00:00,2024-05-20 03:59:59
644,特定レース報酬ピース追加,1714766400,1714939199,2024-05-04 04:00:00,2024-05-06 03:59:59
553,春のGⅠ記念ミッション 第2弾\nヴィクトリアマイル,1714939200,1715543999,2024-05-06 04:00:00,2024-05-13 03:59:59
660,Campaign_660,1715310000,1716173999,2024-05-10 11:00:00,2024-05-20 10:59:59
645,特定レース報酬ピース追加,1715371200,1715543999,2024-05-11 04:00:00,2024-05-13 03:59:59
554,春のGⅠ記念ミッション 第2弾\nオークス,1715544000,1716148799,2024-05-13 04:00:00,2024-05-20 03:59:59
646,特定レース報酬ピース追加,1715976000,1716148799,2024-05-18 04:00:00,2024-05-20 03:59:59
555,春のGⅠ記念ミッション 第2弾\n日本ダービー,1716148800,1716753599,2024-05-20 04:00:00,2024-05-27 03:59:59
662,Campaign_662,1716174000,1717037999,2024-05-20 11:00:00,2024-05-30 10:59:59
647,特定レース報酬ピース追加,1716580800,1716753599,2024-05-25 04:00:00,2024-05-27 03:59:59
556,春のGⅠ記念ミッション 第3弾\n安田記念,1716778800,1717358399,2024-05-27 11:00:00,2024-06-03 03:59:59
664,Campaign_664,1717038000,1718247599,2024-05-30 11:00:00,2024-06-13 10:59:59
648,特定レース報酬ピース追加,1717185600,1717358399,2024-06-01 04:00:00,2024-06-03 03:59:59
666,Campaign_666,1718247600,1719370799,2024-06-13 11:00:00,2024-06-26 10:59:59
557,春のGⅠ記念ミッション 第3弾\n宝塚記念,1718568000,1719172799,2024-06-17 04:00:00,2024-06-24 03:59:59
558,春のGⅠ記念ミッション 第3弾\n帝王賞,1718827200,1719431999,2024-06-20 04:00:00,2024-06-27 03:59:59
649,特定レース報酬ピース追加,1719000000,1719172799,2024-06-22 04:00:00,2024-06-24 03:59:59
650,特定レース報酬ピース追加,1719259200,1719431999,2024-06-25 04:00:00,2024-06-27 03:59:59
665,収穫ッ！満腹ッ！大豊食祭\n公開記念ミッション,1719370800,1722283199,2024-06-26 11:00:00,2024-07-30 03:59:59
667,Campaign_667,1719370800,1721357999,2024-06-26 11:00:00,2024-07-19 10:59:59
668,報酬獲得量UP,1719370800,1722221999,2024-06-26 11:00:00,2024-07-29 10:59:59
669,TP消費 1/2,1719370800,1722221999,2024-06-26 11:00:00,2024-07-29 10:59:59
671,因子再獲得回数増加,1719370800,1722283199,2024-06-26 11:00:00,2024-07-30 03:59:59
673,レンタル回数UP,1719370800,1722283199,2024-06-26 11:00:00,2024-07-30 03:59:59
670,無料コンティニュー回数UP,1719432000,1722283199,2024-06-27 04:00:00,2024-07-30 03:59:59
672,継承ウマ娘レンタル消費マニー1/2,1719432000,1722283199,2024-06-27 04:00:00,2024-07-30 03:59:59
714,Campaign_714,1720494000,1721357999,2024-07-09 11:00:00,2024-07-19 10:59:59
715,Campaign_715,1721358000,1722221999,2024-07-19 11:00:00,2024-07-29 10:59:59
716,Campaign_716,1722222000,1723604399,2024-07-29 11:00:00,2024-08-14 10:59:59
674,Campaign_674,1723604400,1727726399,2024-08-14 11:00:00,2024-10-01 03:59:59
675,3.5th Anniversary\n記念ミッション 第1弾,1723604400,1727726399,2024-08-14 11:00:00,2024-10-01 03:59:59
717,Campaign_717,1723604400,1727665199,2024-08-14 11:00:00,2024-09-30 10:59:59
724,因子再獲得回数増加,1723604400,1727726399,2024-08-14 11:00:00,2024-10-01 03:59:59
727,報酬獲得量UP,1723604400,1727665199,2024-08-14 11:00:00,2024-09-30 10:59:59
728,TP消費 1/2,1723604400,1727665199,2024-08-14 11:00:00,2024-09-30 10:59:59
725,継承ウマ娘レンタル消費マニー1/2,1723665600,1727726399,2024-08-15 04:00:00,2024-10-01 03:59:59
726,挑戦回数UP,1723665600,1727726399,2024-08-15 04:00:00,2024-10-01 03:59:59
663,KFCさんぽキャンペーン,1724468400,1725505199,2024-08-24 11:00:00,2024-09-05 10:59:59
676,3.5th Anniversary\n記念ミッション 第2弾,1724468400,1727726399,2024-08-24 11:00:00,2024-10-01 03:59:59
718,Campaign_718,1724468400,1727665199,2024-08-24 11:00:00,2024-09-30 10:59:59
719,Campaign_719,1724468400,1727665199,2024-08-24 11:00:00,2024-09-30 10:59:59
729,温泉旅行券当選確率UP,1724468400,1725937199,2024-08-24 11:00:00,2024-09-10 10:59:59
730,温泉旅行券当選確率UP,1724468400,1725937199,2024-08-24 11:00:00,2024-09-10 10:59:59
731,温泉旅行券当選確率UP,1724468400,1725937199,2024-08-24 11:00:00,2024-09-10 10:59:59
732,温泉旅行券当選確率UP,1724468400,1725937199,2024-08-24 11:00:00,2024-09-10 10:59:59
733,温泉旅行券当選確率UP,1724468400,1725937199,2024-08-24 11:00:00,2024-09-10 10:59:59
734,温泉旅行券当選確率UP,1724468400,1725937199,2024-08-24 11:00:00,2024-09-10 10:59:59
736,レンタル回数UP,1724468400,1727726399,2024-08-24 11:00:00,2024-10-01 03:59:59
720,Campaign_720,1724986800,1727665199,2024-08-30 11:00:00,2024-09-30 10:59:59
677,3.5th Anniversary\n記念ミッション 第3弾,1725937200,1727726399,2024-09-10 11:00:00,2024-10-01 03:59:59
721,Campaign_721,1725937200,1727665199,2024-09-10 11:00:00,2024-09-30 10:59:59
722,Campaign_722,1725937200,1727665199,2024-09-10 11:00:00,2024-09-30 10:59:59
735,挑戦回数UP,1725998400,1726862399,2024-09-11 04:00:00,2024-09-21 03:59:59
723,Campaign_723,1726801200,1727665199,2024-09-20 11:00:00,2024-09-30 10:59:59
678,秋のGⅠ記念ミッション 第1弾\nスプリンターズS,1727060400,1727639999,2024-09-23 11:00:00,2024-09-30 03:59:59
679,秋のGⅠ記念ミッション 第1弾\nJDダービー,1727294400,1727899199,2024-09-26 04:00:00,2024-10-03 03:59:59
695,特定レース報酬ピース追加,1727467200,1727639999,2024-09-28 04:00:00,2024-09-30 03:59:59
737,Campaign_737,1727665200,1728615599,2024-09-30 11:00:00,2024-10-11 10:59:59
696,特定レース報酬ピース追加,1727726400,1727899199,2024-10-01 04:00:00,2024-10-03 03:59:59
680,秋のGⅠ記念ミッション 第1弾\n秋華賞,1728244800,1728849599,2024-10-07 04:00:00,2024-10-14 03:59:59
681,秋のGⅠ記念ミッション 第1弾\nマイルCS南部杯,1728331200,1728935999,2024-10-08 04:00:00,2024-10-15 03:59:59
739,Campaign_739,1728615600,1730170799,2024-10-11 11:00:00,2024-10-29 10:59:59
697,特定レース報酬ピース追加,1728676800,1728849599,2024-10-12 04:00:00,2024-10-14 03:59:59
698,特定レース報酬ピース追加,1728763200,1728935999,2024-10-13 04:00:00,2024-10-15 03:59:59
682,秋のGⅠ記念ミッション 第1弾\n菊花賞,1728849600,1729454399,2024-10-14 04:00:00,2024-10-21 03:59:59
699,特定レース報酬ピース追加,1729281600,1729454399,2024-10-19 04:00:00,2024-10-21 03:59:59
683,秋のGⅠ記念ミッション 第2弾\n天皇賞（秋）,1729479600,1730059199,2024-10-21 11:00:00,2024-10-28 03:59:59
700,特定レース報酬ピース追加,1729886400,1730059199,2024-10-26 04:00:00,2024-10-28 03:59:59
684,秋のGⅠ記念ミッション 第2弾\nJBC2024,1730145600,1730750399,2024-10-29 04:00:00,2024-11-05 03:59:59
738,走れ！メカウマ娘 -夢繋ぐ発明-\n公開記念ミッション,1730170800,1732823999,2024-10-29 11:00:00,2024-11-29 03:59:59
740,Campaign_740,1730170800,1731898799,2024-10-29 11:00:00,2024-11-18 10:59:59
741,報酬獲得量UP,1730170800,1732762799,2024-10-29 11:00:00,2024-11-28 10:59:59
742,TP消費 1/2,1730170800,1732762799,2024-10-29 11:00:00,2024-11-28 10:59:59
744,因子再獲得回数増加,1730170800,1732823999,2024-10-29 11:00:00,2024-11-29 03:59:59
746,レンタル回数UP,1730170800,1732823999,2024-10-29 11:00:00,2024-11-29 03:59:59
743,無料コンティニュー回数UP,1730232000,1732823999,2024-10-30 04:00:00,2024-11-29 03:59:59
745,継承ウマ娘レンタル消費マニー1/2,1730232000,1732823999,2024-10-30 04:00:00,2024-11-29 03:59:59
701,特定レース報酬ピース追加,1730577600,1730750399,2024-11-03 04:00:00,2024-11-05 03:59:59
702,特定レース報酬ピース追加,1730577600,1730750399,2024-11-03 04:00:00,2024-11-05 03:59:59
703,特定レース報酬ピース追加,1730577600,1730750399,2024-11-03 04:00:00,2024-11-05 03:59:59
685,秋のGⅠ記念ミッション 第2弾\nエリザベス女王杯,1730664000,1731268799,2024-11-04 04:00:00,2024-11-11 03:59:59
759,Campaign_759,1731034800,1731898799,2024-11-08 11:00:00,2024-11-18 10:59:59
704,特定レース報酬ピース追加,1731096000,1731268799,2024-11-09 04:00:00,2024-11-11 03:59:59
686,秋のGⅠ記念ミッション 第2弾\nマイルCS,1731268800,1731873599,2024-11-11 04:00:00,2024-11-18 03:59:59
705,特定レース報酬ピース追加,1731700800,1731873599,2024-11-16 04:00:00,2024-11-18 03:59:59
687,秋のGⅠ記念ミッション 第2弾\nジャパンカップ,1731873600,1732478399,2024-11-18 04:00:00,2024-11-25 03:59:59
760,Campaign_760,1731898800,1732762799,2024-11-18 11:00:00,2024-11-28 10:59:59
706,特定レース報酬ピース追加,1732305600,1732478399,2024-11-23 04:00:00,2024-11-25 03:59:59
688,秋のGⅠ記念ミッション 第2弾\nチャンピオンズC,1732478400,1733083199,2024-11-25 04:00:00,2024-12-02 03:59:59
761,Campaign_761,1732762800,1733799599,2024-11-28 11:00:00,2024-12-10 10:59:59
707,特定レース報酬ピース追加,1732910400,1733083199,2024-11-30 04:00:00,2024-12-02 03:59:59
689,秋のGⅠ記念ミッション 第3弾\n阪神JF,1733108400,1733687999,2024-12-02 11:00:00,2024-12-09 03:59:59
690,秋のGⅠ記念ミッション 第3弾\n全日本ジュニア優駿,1733342400,1733947199,2024-12-05 04:00:00,2024-12-12 03:59:59
708,特定レース報酬ピース追加,1733515200,1733687999,2024-12-07 04:00:00,2024-12-09 03:59:59
691,秋のGⅠ記念ミッション 第3弾\n朝日杯FS,1733688000,1734292799,2024-12-09 04:00:00,2024-12-16 03:59:59
709,特定レース報酬ピース追加,1733774400,1733947199,2024-12-10 04:00:00,2024-12-12 03:59:59
762,親愛度獲得量UP,1733799600,1734983999,2024-12-10 11:00:00,2024-12-24 03:59:59
763,親愛度獲得量UP,1733799600,1734983999,2024-12-10 11:00:00,2024-12-24 03:59:59
764,親愛度獲得量UP,1733799600,1734983999,2024-12-10 11:00:00,2024-12-24 03:59:59
769,Campaign_769,1733799600,1734577199,2024-12-10 11:00:00,2024-12-19 10:59:59
747,挑戦回数UP,1733860800,1735243199,2024-12-11 04:00:00,2024-12-27 03:59:59
710,特定レース報酬ピース追加,1734120000,1734292799,2024-12-14 04:00:00,2024-12-16 03:59:59
692,秋のGⅠ記念ミッション 第3弾\n有馬記念,1734292800,1734897599,2024-12-16 04:00:00,2024-12-23 03:59:59
770,Campaign_770,1734577200,1735268399,2024-12-19 11:00:00,2024-12-27 10:59:59
711,特定レース報酬ピース追加,1734724800,1734897599,2024-12-21 04:00:00,2024-12-23 03:59:59
693,秋のGⅠ記念ミッション 第3弾\nホープフルS,1734811200,1735415999,2024-12-22 04:00:00,2024-12-29 03:59:59
694,秋のGⅠ記念ミッション 第3弾\n東京大賞典,1734897600,1735502399,2024-12-23 04:00:00,2024-12-30 03:59:59
765,親愛度獲得量大UP,1734984000,1735243199,2024-12-24 04:00:00,2024-12-27 03:59:59
766,親愛度獲得量大UP,1734984000,1735243199,2024-12-24 04:00:00,2024-12-27 03:59:59
767,親愛度獲得量大UP,1734984000,1735243199,2024-12-24 04:00:00,2024-12-27 03:59:59
768,「育成」親愛度超獲得,1734984000,1735243199,2024-12-24 04:00:00,2024-12-27 03:59:59
712,特定レース報酬ピース追加,1735243200,1735415999,2024-12-27 04:00:00,2024-12-29 03:59:59
748,TP消費 1/2,1735268400,1736477999,2024-12-27 11:00:00,2025-01-10 10:59:59
749,因子再獲得回数増加,1735268400,1736539199,2024-12-27 11:00:00,2025-01-11 03:59:59
750,レンタル回数UP,1735268400,1736539199,2024-12-27 11:00:00,2025-01-11 03:59:59
752,温泉旅行券当選確率UP,1735268400,1736477999,2024-12-27 11:00:00,2025-01-10 10:59:59
753,温泉旅行券当選確率UP,1735268400,1736477999,2024-12-27 11:00:00,2025-01-10 10:59:59
754,温泉旅行券当選確率UP,1735268400,1736477999,2024-12-27 11:00:00,2025-01-10 10:59:59
755,温泉旅行券当選確率UP,1735268400,1736477999,2024-12-27 11:00:00,2025-01-10 10:59:59
756,温泉旅行券当選確率UP,1735268400,1736477999,2024-12-27 11:00:00,2025-01-10 10:59:59
757,温泉旅行券当選確率UP,1735268400,1736477999,2024-12-27 11:00:00,2025-01-10 10:59:59
758,温泉旅行券当選確率UP,1735268400,1736477999,2024-12-27 11:00:00,2025-01-10 10:59:59
771,Campaign_771,1735268400,1736477999,2024-12-27 11:00:00,2025-01-10 10:59:59
713,特定レース報酬ピース追加,1735329600,1735502399,2024-12-28 04:00:00,2024-12-30 03:59:59
751,継承ウマ娘レンタル消費マニー1/2,1735329600,1736539199,2024-12-28 04:00:00,2025-01-11 03:59:59
783,育成報酬3倍キャンペーン,1735675200,1738267199,2025-01-01 04:00:00,2025-01-31 03:59:59
784,【正月特別版】報酬獲得量UP,1735675200,2556043199,2025-01-01 04:00:00,2050-12-31 03:59:59
772,特定レース報酬ピース追加,1735934400,1736107199,2025-01-04 04:00:00,2025-01-06 03:59:59
773,特定レース報酬ピース追加,1735934400,1736107199,2025-01-04 04:00:00,2025-01-06 03:59:59
778,親愛度獲得量UP,1736478000,1738292399,2025-01-10 11:00:00,2025-01-31 10:59:59
779,親愛度獲得量UP,1736478000,1738292399,2025-01-10 11:00:00,2025-01-31 10:59:59
780,親愛度獲得量UP,1736478000,1738292399,2025-01-10 11:00:00,2025-01-31 10:59:59
781,「WINで確定」確率UP,1736478000,1738439999,2025-01-10 11:00:00,2025-02-02 03:59:59
786,Campaign_786,1736478000,1737341999,2025-01-10 11:00:00,2025-01-20 10:59:59
782,1日1回「WINで確定」100％,1736539200,1738353599,2025-01-11 04:00:00,2025-02-01 03:59:59
785,挑戦回数UP,1736539200,1738353599,2025-01-11 04:00:00,2025-02-01 03:59:59
774,特定レース報酬ピース追加,1736625600,1736798399,2025-01-12 04:00:00,2025-01-14 03:59:59
775,特定レース報酬ピース追加,1737144000,1737316799,2025-01-18 04:00:00,2025-01-20 03:59:59
776,特定レース報酬ピース追加,1737144000,1737316799,2025-01-18 04:00:00,2025-01-20 03:59:59
787,Campaign_787,1737342000,1738292399,2025-01-20 11:00:00,2025-01-31 10:59:59
777,特定レース報酬ピース追加,1737748800,1737921599,2025-01-25 04:00:00,2025-01-27 03:59:59
788,Campaign_788,1738292400,1739501999,2025-01-31 11:00:00,2025-02-14 10:59:59
789,Campaign_789,1739502000,1740340799,2025-02-14 11:00:00,2025-02-24 03:59:59
793,因子再獲得回数増加,1739502000,1743451199,2025-02-14 11:00:00,2025-04-01 03:59:59
795,TP消費 1/2,1739502000,1743389999,2025-02-14 11:00:00,2025-03-31 10:59:59
796,報酬獲得量UP,1739502000,1743389999,2025-02-14 11:00:00,2025-03-31 10:59:59
797,Campaign_797,1739502000,1743389999,2025-02-14 11:00:00,2025-03-31 10:59:59
798,Campaign_798,1739502000,1743389999,2025-02-14 11:00:00,2025-03-31 10:59:59
804,レンタル回数UP,1739502000,1743451199,2025-02-14 11:00:00,2025-04-01 03:59:59
805,親愛度獲得量大UP,1739502000,1740340799,2025-02-14 11:00:00,2025-02-24 03:59:59
806,親愛度獲得量大UP,1739502000,1740340799,2025-02-14 11:00:00,2025-02-24 03:59:59
807,親愛度獲得量大UP,1739502000,1740340799,2025-02-14 11:00:00,2025-02-24 03:59:59
808,4th Anniversary\n記念ミッション 第1弾,1739502000,1743451199,2025-02-14 11:00:00,2025-04-01 03:59:59
811,Campaign_811,1739502000,1743451199,2025-02-14 11:00:00,2025-04-01 03:59:59
792,継承ウマ娘レンタル消費マニー1/2,1739563200,1743451199,2025-02-15 04:00:00,2025-04-01 03:59:59
794,挑戦回数UP,1739563200,1743451199,2025-02-15 04:00:00,2025-04-01 03:59:59
790,GⅠ記念ミッション\nフェブラリーステークス,1739761200,1740340799,2025-02-17 11:00:00,2025-02-24 03:59:59
791,特定レース報酬ピース追加,1740168000,1740340799,2025-02-22 04:00:00,2025-02-24 03:59:59
799,Campaign_799,1740366000,1743389999,2025-02-24 11:00:00,2025-03-31 10:59:59
800,Campaign_800,1740366000,1743389999,2025-02-24 11:00:00,2025-03-31 10:59:59
809,4th Anniversary\n記念ミッション 第2弾,1740366000,1743451199,2025-02-24 11:00:00,2025-04-01 03:59:59
801,Campaign_801,1741662000,1743389999,2025-03-11 11:00:00,2025-03-31 10:59:59
802,Campaign_802,1741662000,1743389999,2025-03-11 11:00:00,2025-03-31 10:59:59
810,4th Anniversary\n記念ミッション 第3弾,1741662000,1743451199,2025-03-11 11:00:00,2025-04-01 03:59:59
812,親愛度獲得量UP,1741921200,1742587199,2025-03-14 11:00:00,2025-03-22 03:59:59
813,親愛度獲得量UP,1741921200,1742587199,2025-03-14 11:00:00,2025-03-22 03:59:59
814,親愛度獲得量UP,1741921200,1742587199,2025-03-14 11:00:00,2025-03-22 03:59:59
815,「育成」親愛度超獲得,1741982400,1742587199,2025-03-15 04:00:00,2025-03-22 03:59:59
803,Campaign_803,1742526000,1743389999,2025-03-21 11:00:00,2025-03-31 10:59:59
844,挑戦回数UP,1742587200,1743451199,2025-03-22 04:00:00,2025-04-01 03:59:59
816,春のGⅠ記念ミッション 第1弾\n高松宮記念,1742785200,1743364799,2025-03-24 11:00:00,2025-03-31 03:59:59
830,特定レース報酬ピース追加,1743192000,1743364799,2025-03-29 04:00:00,2025-03-31 03:59:59
817,春のGⅠ記念ミッション 第1弾\n大阪杯,1743364800,1743969599,2025-03-31 04:00:00,2025-04-07 03:59:59
845,Campaign_845,1743390000,1744253999,2025-03-31 11:00:00,2025-04-10 10:59:59
818,春のGⅠ記念ミッション 第1弾\n川崎記念,1743624000,1744228799,2025-04-03 04:00:00,2025-04-10 03:59:59
831,特定レース報酬ピース追加,1743796800,1743969599,2025-04-05 04:00:00,2025-04-07 03:59:59
819,春のGⅠ記念ミッション 第1弾\n桜花賞,1743969600,1744574399,2025-04-07 04:00:00,2025-04-14 03:59:59
832,特定レース報酬ピース追加,1744056000,1744228799,2025-04-08 04:00:00,2025-04-10 03:59:59
846,Campaign_846,1744254000,1745204399,2025-04-10 11:00:00,2025-04-21 10:59:59
833,特定レース報酬ピース追加,1744401600,1744574399,2025-04-12 04:00:00,2025-04-14 03:59:59
820,春のGⅠ記念ミッション 第1弾\n皐月賞,1744574400,1745179199,2025-04-14 04:00:00,2025-04-21 03:59:59
834,特定レース報酬ピース追加,1745006400,1745179199,2025-04-19 04:00:00,2025-04-21 03:59:59
847,Campaign_847,1745204400,1745981999,2025-04-21 11:00:00,2025-04-30 10:59:59
821,春のGⅠ記念ミッション 第2弾\n天皇賞（春）,1745809200,1746388799,2025-04-28 11:00:00,2025-05-05 03:59:59
822,春のGⅠ記念ミッション 第2弾\nかしわ記念,1745870400,1746475199,2025-04-29 04:00:00,2025-05-06 03:59:59
848,Campaign_848,1745982000,1747018799,2025-04-30 11:00:00,2025-05-12 10:59:59
849,報酬獲得量UP,1745982000,1747796399,2025-04-30 11:00:00,2025-05-21 10:59:59
850,TP消費 1/2,1745982000,1747796399,2025-04-30 11:00:00,2025-05-21 10:59:59
851,「WINで確定」確率UP,1745982000,1747796399,2025-04-30 11:00:00,2025-05-21 10:59:59
853,親愛度獲得量大UP,1745982000,1747796399,2025-04-30 11:00:00,2025-05-21 10:59:59
854,親愛度獲得量大UP,1745982000,1747796399,2025-04-30 11:00:00,2025-05-21 10:59:59
855,親愛度獲得量大UP,1745982000,1747796399,2025-04-30 11:00:00,2025-05-21 10:59:59
858,Campaign_858,1745982000,1747796399,2025-04-30 11:00:00,2025-05-21 10:59:59
852,1日1回「WINで確定」100％,1746043200,1747771199,2025-05-01 04:00:00,2025-05-21 03:59:59
856,無料コンティニュー回数UP,1746043200,1747771199,2025-05-01 04:00:00,2025-05-21 03:59:59
857,挑戦回数UP,1746043200,1747771199,2025-05-01 04:00:00,2025-05-21 03:59:59
835,特定レース報酬ピース追加,1746216000,1746388799,2025-05-03 04:00:00,2025-05-05 03:59:59
836,特定レース報酬ピース追加,1746302400,1746475199,2025-05-04 04:00:00,2025-05-06 03:59:59
823,春のGⅠ記念ミッション 第2弾\nNHKマイルカップ,1746388800,1746993599,2025-05-05 04:00:00,2025-05-12 03:59:59
837,特定レース報酬ピース追加,1746820800,1746993599,2025-05-10 04:00:00,2025-05-12 03:59:59
824,春のGⅠ記念ミッション 第2弾\nヴィクトリアマイル,1746993600,1747598399,2025-05-12 04:00:00,2025-05-19 03:59:59
859,Campaign_859,1747018800,1747796399,2025-05-12 11:00:00,2025-05-21 10:59:59
838,特定レース報酬ピース追加,1747425600,1747598399,2025-05-17 04:00:00,2025-05-19 03:59:59
825,春のGⅠ記念ミッション 第2弾\nオークス,1747598400,1748203199,2025-05-19 04:00:00,2025-05-26 03:59:59
860,Campaign_860,1747796400,1748573999,2025-05-21 11:00:00,2025-05-30 10:59:59
839,特定レース報酬ピース追加,1748030400,1748203199,2025-05-24 04:00:00,2025-05-26 03:59:59
826,春のGⅠ記念ミッション 第3弾\n日本ダービー,1748228400,1748807999,2025-05-26 11:00:00,2025-06-02 03:59:59
862,Campaign_862,1748574000,1749783599,2025-05-30 11:00:00,2025-06-13 10:59:59
840,特定レース報酬ピース追加,1748635200,1748807999,2025-05-31 04:00:00,2025-06-02 03:59:59
827,春のGⅠ記念ミッション 第3弾\n安田記念,1748808000,1749412799,2025-06-02 04:00:00,2025-06-09 03:59:59
841,特定レース報酬ピース追加,1749240000,1749412799,2025-06-07 04:00:00,2025-06-09 03:59:59
861,報酬UP,1749351600,1749844799,2025-06-08 11:00:00,2025-06-14 03:59:59
828,春のGⅠ記念ミッション 第3弾\n宝塚記念,1749412800,1750017599,2025-06-09 04:00:00,2025-06-16 03:59:59
867,Campaign_867,1749783600,1752202799,2025-06-13 11:00:00,2025-07-11 10:59:59
842,特定レース報酬ピース追加,1749844800,1750017599,2025-06-14 04:00:00,2025-06-16 03:59:59
829,春のGⅠ記念ミッション 第3弾\n帝王賞,1750881600,1751486399,2025-06-26 04:00:00,2025-07-03 03:59:59
868,新育成シナリオ公開記念ミッション,1750993200,1753905599,2025-06-27 11:00:00,2025-07-31 03:59:59
869,報酬獲得量UP,1750993200,1753930799,2025-06-27 11:00:00,2025-07-31 10:59:59
870,TP消費 1/2,1750993200,1753930799,2025-06-27 11:00:00,2025-07-31 10:59:59
871,因子再獲得回数増加,1750993200,1753905599,2025-06-27 11:00:00,2025-07-31 03:59:59
872,レンタル回数UP,1750993200,1753905599,2025-06-27 11:00:00,2025-07-31 03:59:59
875,温泉旅行券当選確率UP,1750993200,1753930799,2025-06-27 11:00:00,2025-07-31 10:59:59
876,温泉旅行券当選確率UP,1750993200,1753930799,2025-06-27 11:00:00,2025-07-31 10:59:59
877,温泉旅行券当選確率UP,1750993200,1753930799,2025-06-27 11:00:00,2025-07-31 10:59:59
878,温泉旅行券当選確率UP,1750993200,1753930799,2025-06-27 11:00:00,2025-07-31 10:59:59
879,温泉旅行券当選確率UP,1750993200,1753930799,2025-06-27 11:00:00,2025-07-31 10:59:59
880,温泉旅行券当選確率UP,1750993200,1753930799,2025-06-27 11:00:00,2025-07-31 10:59:59
881,温泉旅行券当選確率UP,1750993200,1753930799,2025-06-27 11:00:00,2025-07-31 10:59:59
882,温泉旅行券当選確率UP,1750993200,1753930799,2025-06-27 11:00:00,2025-07-31 10:59:59
883,Campaign_883,1750993200,1753153199,2025-06-27 11:00:00,2025-07-22 10:59:59
873,継承ウマ娘レンタル消費マニー1/2,1751054400,1753905599,2025-06-28 04:00:00,2025-07-31 03:59:59
874,無料コンティニュー回数UP,1751054400,1753905599,2025-06-28 04:00:00,2025-07-31 03:59:59
843,特定レース報酬ピース追加,1751313600,1751486399,2025-07-01 04:00:00,2025-07-03 03:59:59
884,Campaign_884,1752202800,1753153199,2025-07-11 11:00:00,2025-07-22 10:59:59
885,Campaign_885,1753153200,1753930799,2025-07-22 11:00:00,2025-07-31 10:59:59
887,Campaign_887,1753930800,1755140399,2025-07-31 11:00:00,2025-08-14 10:59:59
863,Campaign_863,1755140400,1759175999,2025-08-14 11:00:00,2025-09-30 03:59:59
864,4.5th Anniversary\n記念ミッション 第1弾,1755140400,1759175999,2025-08-14 11:00:00,2025-09-30 03:59:59
890,報酬獲得量UP,1755140400,1759114799,2025-08-14 11:00:00,2025-09-29 10:59:59
891,TP消費 1/2,1755140400,1759114799,2025-08-14 11:00:00,2025-09-29 10:59:59
892,温泉旅行券当選確率UP,1755140400,1757386799,2025-08-14 11:00:00,2025-09-09 10:59:59
893,温泉旅行券当選確率UP,1755140400,1757386799,2025-08-14 11:00:00,2025-09-09 10:59:59
894,温泉旅行券当選確率UP,1755140400,1757386799,2025-08-14 11:00:00,2025-09-09 10:59:59
895,温泉旅行券当選確率UP,1755140400,1757386799,2025-08-14 11:00:00,2025-09-09 10:59:59
896,温泉旅行券当選確率UP,1755140400,1757386799,2025-08-14 11:00:00,2025-09-09 10:59:59
897,温泉旅行券当選確率UP,1755140400,1757386799,2025-08-14 11:00:00,2025-09-09 10:59:59
898,温泉旅行券当選確率UP,1755140400,1757386799,2025-08-14 11:00:00,2025-09-09 10:59:59
899,温泉旅行券当選確率UP,1755140400,1757386799,2025-08-14 11:00:00,2025-09-09 10:59:59
900,因子再獲得回数増加,1755140400,1759175999,2025-08-14 11:00:00,2025-09-30 03:59:59
901,レンタル回数UP,1755140400,1759175999,2025-08-14 11:00:00,2025-09-30 03:59:59
902,Campaign_902,1755140400,1759114799,2025-08-14 11:00:00,2025-09-29 10:59:59
903,Campaign_903,1755140400,1759114799,2025-08-14 11:00:00,2025-09-29 10:59:59
888,継承ウマ娘レンタル消費マニー1/2,1755201600,1759175999,2025-08-15 04:00:00,2025-09-30 03:59:59
889,挑戦回数UP,1755201600,1759175999,2025-08-15 04:00:00,2025-09-30 03:59:59
865,4.5th Anniversary\n記念ミッション 第2弾,1756004400,1759175999,2025-08-24 11:00:00,2025-09-30 03:59:59
904,Campaign_904,1756004400,1759114799,2025-08-24 11:00:00,2025-09-29 10:59:59
905,Campaign_905,1756004400,1759114799,2025-08-24 11:00:00,2025-09-29 10:59:59
906,Campaign_906,1756436400,1759114799,2025-08-29 11:00:00,2025-09-29 10:59:59
866,4.5th Anniversary\n記念ミッション 第3弾,1757386800,1759175999,2025-09-09 11:00:00,2025-09-30 03:59:59
907,Campaign_907,1757386800,1759114799,2025-09-09 11:00:00,2025-09-29 10:59:59
908,Campaign_908,1757386800,1759114799,2025-09-09 11:00:00,2025-09-29 10:59:59
886,挑戦回数UP,1757448000,1758311999,2025-09-10 04:00:00,2025-09-20 03:59:59
909,Campaign_909,1758250800,1759114799,2025-09-19 11:00:00,2025-09-29 10:59:59
910,秋のGⅠ記念ミッション 第1弾\nスプリンターズS,1758510000,1759089599,2025-09-22 11:00:00,2025-09-29 03:59:59
927,特定レース報酬ピース追加,1758916800,1759089599,2025-09-27 04:00:00,2025-09-29 03:59:59
948,Campaign_948,1759114800,1760065199,2025-09-29 11:00:00,2025-10-10 10:59:59
911,秋のGⅠ記念ミッション 第1弾\nJDダービー,1759348800,1759953599,2025-10-02 04:00:00,2025-10-09 03:59:59
912,秋のGⅠ記念ミッション 第1弾\nマイルCS南部杯,1759780800,1760385599,2025-10-07 04:00:00,2025-10-14 03:59:59
928,特定レース報酬ピース追加,1759780800,1759953599,2025-10-07 04:00:00,2025-10-09 03:59:59
949,因子再獲得回数増加,1760065200,1764273599,2025-10-10 11:00:00,2025-11-28 03:59:59
950,Campaign_950,1760065200,1760929199,2025-10-10 11:00:00,2025-10-20 10:59:59
929,特定レース報酬ピース追加,1760212800,1760385599,2025-10-12 04:00:00,2025-10-14 03:59:59
913,秋のGⅠ記念ミッション 第1弾\n秋華賞,1760299200,1760903999,2025-10-13 04:00:00,2025-10-20 03:59:59
930,特定レース報酬ピース追加,1760731200,1760903999,2025-10-18 04:00:00,2025-10-20 03:59:59
951,Campaign_951,1760788800,1761706799,2025-10-18 20:00:00,2025-10-29 10:59:59
952,Campaign_952,1760788800,1761706799,2025-10-18 20:00:00,2025-10-29 10:59:59
914,秋のGⅠ記念ミッション 第1弾\n菊花賞,1760904000,1761508799,2025-10-20 04:00:00,2025-10-27 03:59:59
931,特定レース報酬ピース追加,1761336000,1761508799,2025-10-25 04:00:00,2025-10-27 03:59:59
915,秋のGⅠ記念ミッション 第2弾\n天皇賞（秋）,1761534000,1762113599,2025-10-27 11:00:00,2025-11-03 03:59:59
916,秋のGⅠ記念ミッション 第2弾\nJBC2025,1761595200,1762199999,2025-10-28 04:00:00,2025-11-04 03:59:59
946,新育成シナリオ公開記念ミッション,1761706800,1764273599,2025-10-29 11:00:00,2025-11-28 03:59:59
953,温泉旅行券当選確率UP,1761706800,1764298799,2025-10-29 11:00:00,2025-11-28 10:59:59
954,報酬獲得量UP,1761706800,1764298799,2025-10-29 11:00:00,2025-11-28 10:59:59
955,TP消費 1/2,1761706800,1764298799,2025-10-29 11:00:00,2025-11-28 10:59:59
956,レンタル回数UP,1761706800,1764273599,2025-10-29 11:00:00,2025-11-28 03:59:59
959,Campaign_959,1761706800,1763521199,2025-10-29 11:00:00,2025-11-19 10:59:59
957,継承ウマ娘レンタル消費マニー1/2,1761768000,1764273599,2025-10-30 04:00:00,2025-11-28 03:59:59
958,無料コンティニュー回数UP,1761768000,1764273599,2025-10-30 04:00:00,2025-11-28 03:59:59
932,特定レース報酬ピース追加,1761940800,1762113599,2025-11-01 04:00:00,2025-11-03 03:59:59
933,特定レース報酬ピース追加,1762027200,1762199999,2025-11-02 04:00:00,2025-11-04 03:59:59
934,特定レース報酬ピース追加,1762027200,1762199999,2025-11-02 04:00:00,2025-11-04 03:59:59
935,特定レース報酬ピース追加,1762027200,1762199999,2025-11-02 04:00:00,2025-11-04 03:59:59
917,秋のGⅠ記念ミッション 第2弾\nエリザベス女王杯,1762718400,1763323199,2025-11-10 04:00:00,2025-11-17 03:59:59
936,特定レース報酬ピース追加,1763150400,1763323199,2025-11-15 04:00:00,2025-11-17 03:59:59
918,秋のGⅠ記念ミッション 第2弾\nマイルCS,1763323200,1763927999,2025-11-17 04:00:00,2025-11-24 03:59:59
937,特定レース報酬ピース追加,1763755200,1763927999,2025-11-22 04:00:00,2025-11-24 03:59:59
919,秋のGⅠ記念ミッション 第2弾\nジャパンカップ,1763928000,1764532799,2025-11-24 04:00:00,2025-12-01 03:59:59
938,特定レース報酬ピース追加,1764360000,1764532799,2025-11-29 04:00:00,2025-12-01 03:59:59
