id,image_id,legend_name,notice_time,start_time,end_time
2,101401,[小鹰☆Número 1]神鹰,,2021-03-16 11:00:00,2021-03-19 03:59:59
3,100101,[特别追梦者]特别周,,2021-03-19 04:00:00,2021-03-22 03:59:59
4,101701,[皇帝]鲁道夫象征,,2021-03-22 04:00:00,2021-03-25 03:59:59
6,106101,[翠玉之王]帝王光辉,2021-04-12 11:00:00,2021-04-15 11:00:00,2021-04-18 03:59:59
7,101001,[狂野前线]大树快车,2021-04-18 04:00:00,2021-04-18 04:00:00,2021-04-21 03:59:59
8,104101,[樱花，前进！]樱花进王,2021-04-21 04:00:00,2021-04-21 04:00:00,2021-04-24 03:59:59
9,103801,[闪电少女]真机伶,2021-04-24 04:00:00,2021-04-24 04:00:00,2021-04-27 03:59:59
11,103501,[Go To Winning！]胜利奖券,2021-05-16 11:00:00,2021-05-19 11:00:00,2021-05-22 03:59:59
12,100801,[极速狂飙]伏特加,2021-05-22 04:00:00,2021-05-22 04:00:00,2021-05-25 03:59:59
13,100301,[喜乐无边]东海帝王,2021-05-25 04:00:00,2021-05-25 04:00:00,2021-05-28 03:59:59
15,102401,[竞争☆领域]重炮,2021-06-14 11:00:00,2021-06-17 11:00:00,2021-06-20 03:59:59
16,101301,[优雅曲线]目白麦昆,2021-06-20 04:00:00,2021-06-20 04:00:00,2021-06-23 03:59:59
17,101501,[O sole suo！]好歌剧,2021-06-23 04:00:00,2021-06-23 04:00:00,2021-06-26 03:59:59
18,104501,[潺潺溪流]超级溪流,2021-06-26 04:00:00,2021-06-26 04:00:00,2021-06-29 03:59:59
19,102701,[一往无前]目白莱恩,2021-08-11 11:00:00,2021-08-15 11:00:00,2021-08-18 03:59:59
20,100201,[无声无瑕]无声铃鹿,2021-08-18 04:00:00,2021-08-18 04:00:00,2021-08-21 03:59:59
21,100701,[赤色纷争]黄金船,2021-08-21 04:00:00,2021-08-21 04:00:00,2021-08-24 03:59:59
22,100401,[绯红方程式]丸善斯基,2021-09-10 11:00:00,2021-09-14 11:00:00,2021-09-17 03:59:59
23,100501,[流星歌剧]富士奇石,2021-09-17 04:00:00,2021-09-17 04:00:00,2021-09-20 03:59:59
24,102601,[MB-19890425]美浦波旁,2021-09-20 04:00:00,2021-09-20 04:00:00,2021-09-23 03:59:59
26,105601,[运气高升☆祈福运来]待兼福来,2021-10-11 11:00:00,2021-10-15 11:00:00,2021-10-18 03:59:59
27,102001,[青云垂钓者]青云天空,2021-10-18 04:00:00,2021-10-18 04:00:00,2021-10-21 03:59:59
28,102301,[pf.胜利公式]琵琶晨光,2021-10-21 04:00:00,2021-10-21 04:00:00,2021-10-24 03:59:59
29,101801,[女帝之路]气槽,2021-11-08 11:00:00,2021-11-12 11:00:00,2021-11-15 03:59:59
30,103701,[Meisterschaft]荣进闪耀,2021-11-15 04:00:00,2021-11-15 04:00:00,2021-11-18 03:59:59
31,101901,[超级加急！全彩PP膜特殊加工]爱丽数码,2021-11-18 04:00:00,2021-11-18 04:00:00,2021-11-21 03:59:59
33,106001,[绯青缎带]优秀素质,2021-12-18 11:00:00,2021-12-22 11:00:00,2021-12-25 03:59:59
34,101101,[穿岩绀蓝]草上飞,2021-12-25 04:00:00,2021-12-25 04:00:00,2021-12-28 03:59:59
35,100601,[星光跃动]小栗帽,2021-12-28 04:00:00,2021-12-28 04:00:00,2021-12-31 03:59:59
37,101201,[亚马逊青金石]菱亚马逊,2022-02-04 11:00:00,2022-02-08 11:00:00,2022-02-11 03:59:59
38,105901,[宛延曲线]目白多伯,2022-02-11 04:00:00,2022-02-11 04:00:00,2022-02-14 03:59:59
39,104001,[真我/1928]黄金城,2022-02-14 04:00:00,2022-02-14 04:00:00,2022-02-17 03:59:59
41,103201,[tach-nology]爱丽速子,2022-03-03 11:00:00,2022-03-07 11:00:00,2022-03-10 03:59:59
42,105001,[Nevertheless]成田大进,2022-03-10 04:00:00,2022-03-10 04:00:00,2022-03-13 03:59:59
43,101601,[Maverick]成田白仁,2022-03-13 04:00:00,2022-03-13 04:00:00,2022-03-16 03:59:59
45,101302,[天际尽头]目白麦昆,2022-05-06 11:00:00,2022-05-10 11:00:00,2022-05-13 03:59:59
46,103001,[玫瑰之梦]米浴,2022-05-13 04:00:00,2022-05-13 04:00:00,2022-05-16 03:59:59
47,107401,[砺光韧线]目白光明,2022-05-16 04:00:00,2022-05-16 04:00:00,2022-05-19 03:59:59
48,102101,[疾风迅雷]玉藻十字,2022-06-20 11:00:00,2022-06-24 11:00:00,2022-06-27 03:59:59
49,105801,[苍蓝/怒涛]名将怒涛,2022-06-27 04:00:00,2022-06-27 04:00:00,2022-06-30 03:59:59
51,105101,[叠瓣花蕾]西野花,2022-09-19 11:00:00,2022-09-23 11:00:00,2022-09-26 03:59:59
52,102801,[Buono☆时尚]菱曙,2022-09-26 04:00:00,2022-09-26 04:00:00,2022-09-29 03:59:59
53,102201,[Noble Seamair]美妙姿势,2022-10-19 11:00:00,2022-10-22 11:00:00,2022-10-25 03:59:59
54,103901,[粉红公主]川上公主,2022-10-25 04:00:00,2022-10-25 04:00:00,2022-10-28 03:59:59
55,106401,[Line Breakthrough]目白善信,2022-12-22 11:00:00,2022-12-25 11:00:00,2022-12-28 03:59:59
56,100901,[蔚蓝顶点]大和赤骥,2022-12-28 04:00:00,2022-12-28 04:00:00,2022-12-31 03:59:59
57,107201,[四白流星之袭]八重无敌,2023-04-19 11:00:00,2023-04-22 11:00:00,2023-04-25 03:59:59
58,100302,[飞跃地平线]东海帝王,2023-04-25 04:00:00,2023-04-25 04:00:00,2023-04-28 03:59:59
59,107801,[Fluttertail Spirit]山人西风,2023-06-04 11:00:00,2023-06-05 11:00:00,2023-06-08 03:59:59
60,101902,[爱丽♡僵尸]爱丽数码,2023-06-08 04:00:00,2023-06-08 04:00:00,2023-06-11 03:59:59
61,102402,[阳光花束]重炮,2023-07-05 11:00:00,2023-07-06 11:00:00,2023-07-09 03:59:59
62,104401,[悬铃木魔女]东商变革,2023-07-09 04:00:00,2023-07-09 04:00:00,2023-07-12 03:59:59
63,104601,[绝对☆LOVE]醒目飞鹰,2023-08-08 11:00:00,2023-08-09 11:00:00,2023-08-12 03:59:59
64,109801,[阴阳八卦☆开运服]小林历奇,2023-08-12 04:00:00,2023-08-12 04:00:00,2023-08-15 03:59:59
65,105301,[黑铁的壮志]青竹回忆,2023-09-05 11:00:00,2023-09-06 11:00:00,2023-09-09 03:59:59
66,101002,[Bubblegum☆Memories]大树快车,2023-09-09 04:00:00,2023-09-09 04:00:00,2023-09-12 03:59:59
67,106801,[锦绣·溢彩盛典]北部玄驹,2023-10-04 11:00:00,2023-10-05 11:00:00,2023-10-08 03:59:59
68,106701,[Natural Brilliance]里见光钻,2023-10-08 04:00:00,2023-10-08 04:00:00,2023-10-11 03:59:59
70,102102,[轰鸣雷神]玉藻十字,2023-11-05 11:00:00,2023-11-06 11:00:00,2023-11-09 03:59:59
71,104801,[潮流☆Joker]岛川乔丹,2023-11-09 04:00:00,2023-11-09 04:00:00,2023-11-12 03:59:59
72,100602,[奇迹的胜利之星]小栗帽,2023-12-06 11:00:00,2023-12-07 11:00:00,2023-12-10 03:59:59
73,102501,[Creeping Black]曼城茶座,2023-12-10 04:00:00,2023-12-10 04:00:00,2023-12-13 03:59:59
74,106901,[举世无双·樱花耀夜]樱花千代王,2024-01-03 11:00:00,2024-01-04 11:00:00,2024-01-07 03:59:59
75,102602,[CODE：淋面装饰]美浦波旁,2024-01-07 04:00:00,2024-01-07 04:00:00,2024-01-10 03:59:59
76,104201,[Rocket☆Star]采珠,2024-02-07 11:00:00,2024-02-08 11:00:00,2024-02-11 03:59:59
77,106102,[洁白傲气的激励之服]帝王光辉,2024-02-11 04:00:00,2024-02-11 04:00:00,2024-02-14 03:59:59
78,105701,[Clear Bliss]千明代表,2024-03-06 11:00:00,2024-03-07 11:00:00,2024-03-10 03:59:59
79,102002,[星夜猫咪舞会]青云天空,2024-03-10 04:00:00,2024-03-10 04:00:00,2024-03-13 03:59:59
80,103401,[稻荷因缘江户紫]稻荷一,2024-04-03 11:00:00,2024-04-04 11:00:00,2024-04-07 03:59:59
81,101502,[新春初晴·宝蓝绚烂]好歌剧,2024-04-07 04:00:00,2024-04-07 04:00:00,2024-04-10 03:59:59
82,103101,[全时狂欢]艾尼风神,2024-05-04 11:00:00,2024-05-05 11:00:00,2024-05-08 03:59:59
83,103301,[Starry Nocturne]爱慕织姬,2024-05-08 04:00:00,2024-05-08 04:00:00,2024-05-11 03:59:59
84,108501,[华丽红玉]第一红宝,2024-06-07 11:00:00,2024-06-08 11:00:00,2024-06-11 03:59:59
85,106501,[Fun☆Fun☆嗨翻天]大拓太阳神,2024-06-11 04:00:00,2024-06-11 04:00:00,2024-06-14 03:59:59
86,104901,[死中求生]中山庆典,2024-07-03 11:00:00,2024-07-04 11:00:00,2024-07-07 03:59:59
87,100702,[RUN！乱！发射！！]黄金船,2024-07-07 04:00:00,2024-07-07 04:00:00,2024-07-10 03:59:59
88,104602,[黄昏凯旋]醒目飞鹰,2024-08-07 11:00:00,2024-08-08 11:00:00,2024-08-11 03:59:59
89,110001,[Butterfly Sting]奇锐骏,2024-08-11 04:00:00,2024-08-11 04:00:00,2024-08-14 03:59:59
90,108701,[Flare]阿斯顿真弓,2024-09-04 11:00:00,2024-09-05 11:00:00,2024-09-08 03:59:59
91,103802,[朔月挚爱]真机伶,2024-09-08 04:00:00,2024-09-08 04:00:00,2024-09-11 03:59:59
92,103002,[Make up Vampire！]米浴,2024-10-05 11:00:00,2024-10-06 11:00:00,2024-10-09 03:59:59
93,103601,[unsigned]空中神宫,2024-10-09 04:00:00,2024-10-09 04:00:00,2024-10-12 03:59:59
94,101702,[皓月下的神箭手]鲁道夫象征,2024-11-02 11:00:00,2024-11-03 11:00:00,2024-11-06 03:59:59
95,104701,[Heroic Author]荒漠英雄,2024-11-06 04:00:00,2024-11-06 04:00:00,2024-11-09 03:59:59
96,108301,[Onyx Soldier]克里斯象征,2024-12-04 11:00:00,2024-12-05 11:00:00,2024-12-08 03:59:59
97,100902,[绯红的星月之夜]大和赤骥,2024-12-08 04:00:00,2024-12-08 04:00:00,2024-12-11 03:59:59
98,106201,[跌跌撞撞向前冲]待兼唐怀瑟,2025-01-05 11:00:00,2025-01-06 11:00:00,2025-01-09 03:59:59
99,104802,[Aurore☆Vacances]岛川乔丹,2025-01-09 04:00:00,2025-01-09 04:00:00,2025-01-12 03:59:59
100,105501,[☆闪亮★心动☆雀跃∞美丽∞]美丽周日,2025-02-06 11:00:00,2025-02-07 11:00:00,2025-02-10 03:59:59
101,101802,[橡木王冠]气槽,2025-02-10 04:00:00,2025-02-10 04:00:00,2025-02-13 03:59:59
102,105102,[Sweet Juneberry]西野花,2025-03-04 11:00:00,2025-03-05 11:00:00,2025-03-08 03:59:59
103,102901,[可可爱爱的六出冰花]雪之美人,2025-03-08 04:00:00,2025-03-08 04:00:00,2025-03-11 03:59:59
104,103202,[Lunatic Lab]爱丽速子,2025-04-04 11:00:00,2025-04-05 11:00:00,2025-04-08 03:59:59
105,110501,[Universe-Naut]新宇宙,2025-04-08 04:00:00,2025-04-08 04:00:00,2025-04-11 03:59:59
106,107601,[Saisir le rêve]樱花桂冠,2025-05-06 11:00:00,2025-05-07 11:00:00,2025-05-10 03:59:59
107,110601,[奇迹装点！]菱奇宝,2025-05-10 04:00:00,2025-05-10 04:00:00,2025-05-13 03:59:59
108,10690102,Legend_10690102,2025-06-07 11:00:00,2025-06-08 11:00:00,2025-06-11 03:59:59
109,10710102,Legend_10710102,2025-06-11 04:00:00,2025-06-11 04:00:00,2025-06-14 03:59:59
110,100202,[浪间翠玉]无声铃鹿,2025-07-05 11:00:00,2025-07-06 11:00:00,2025-07-09 03:59:59
111,110701,[GLITTER！]跳舞城,2025-07-09 04:00:00,2025-07-09 04:00:00,2025-07-12 03:59:59
112,104102,[赤热☆队长]樱花进王,2025-08-06 11:00:00,2025-08-07 11:00:00,2025-08-10 03:59:59
113,105401,[疾风飞驹·零式]微光飞驹,2025-08-10 04:00:00,2025-08-10 04:00:00,2025-08-13 03:59:59
114,102202,[Titania]美妙姿势,2025-09-03 11:00:00,2025-09-04 11:00:00,2025-09-07 03:59:59
115,109101,[Voyage étincelant]维普露斯,2025-09-07 04:00:00,2025-09-07 04:00:00,2025-09-10 03:59:59
116,104502,[雪纺丝带木乃伊]超级溪流,2025-10-06 11:00:00,2025-10-07 11:00:00,2025-10-10 03:59:59
117,107701,[The Proud Road]成田路,2025-10-10 04:00:00,2025-10-10 04:00:00,2025-10-13 03:59:59
118,110401,[登龙之顶]葛城荣主,2025-11-04 11:00:00,2025-11-05 11:00:00,2025-11-08 03:59:59
119,100802,[不会结冰的生命之水]伏特加,2025-11-08 04:00:00,2025-11-08 04:00:00,2025-11-11 03:59:59
