Login Bonus ID,Item Name,Item Num,Start Date,End Date
30019,宝石,150,2021/12/27 12:00:00,2021/12/28 4:59:59
30020,宝石,150,2021/12/28 5:00:00,2021/12/29 4:59:59
30021,宝石,150,2021/12/29 5:00:00,2021/12/30 4:59:59
30022,宝石,150,2021/12/30 5:00:00,2021/12/31 4:59:59
30023,宝石,150,2021/12/31 5:00:00,2022/1/1 4:59:59
10001,宝石,20,2021/2/24 05:00:00,2099/12/31 23:59:59
10001,社团积分,30,2021/2/24 05:00:00,2099/12/31 23:59:59
10001,宝石,20,2021/2/24 05:00:00,2099/12/31 23:59:59
10001,金币,1000,2021/2/24 05:00:00,2099/12/31 23:59:59
10001,宝石,20,2021/2/24 05:00:00,2099/12/31 23:59:59
10001,好友积分,100,2021/2/24 05:00:00,2099/12/31 23:59:59
10001,宝石,50,2021/2/24 05:00:00,2099/12/31 23:59:59
20001,宝石,150,2021/2/24 05:00:00,2099/12/31 23:59:59
20001,宝石,150,2021/2/24 05:00:00,2099/12/31 23:59:59
20001,宝石,150,2021/2/24 05:00:00,2099/12/31 23:59:59
20001,宝石,150,2021/2/24 05:00:00,2099/12/31 23:59:59
20001,宝石,150,2021/2/24 05:00:00,2099/12/31 23:59:59
20001,宝石,150,2021/2/24 05:00:00,2099/12/31 23:59:59
20001,宝石,150,2021/2/24 05:00:00,2099/12/31 23:59:59
20001,宝石,150,2021/2/24 05:00:00,2099/12/31 23:59:59
20001,宝石,150,2021/2/24 05:00:00,2099/12/31 23:59:59
20001,宝石,150,2021/2/24 05:00:00,2099/12/31 23:59:59
30001,宝石,1500,2021/2/24 05:00:00,2021/6/1 4:59:59
30002,宝石,300,2021/2/24 05:00:00,2021/3/2 4:59:59
30008,宝石,150,2021/3/11 12:00:00,2021/6/1 4:59:59
30008,宝石,150,2021/3/11 12:00:00,2021/6/1 4:59:59
30008,宝石,150,2021/3/11 12:00:00,2021/6/1 4:59:59
30008,宝石,150,2021/3/11 12:00:00,2021/6/1 4:59:59
30008,宝石,150,2021/3/11 12:00:00,2021/6/1 4:59:59
30008,宝石,150,2021/3/11 12:00:00,2021/6/1 4:59:59
30008,宝石,150,2021/3/11 12:00:00,2021/6/1 4:59:59
30008,宝石,150,2021/3/11 12:00:00,2021/6/1 4:59:59
30008,宝石,150,2021/3/11 12:00:00,2021/6/1 4:59:59
30008,宝石,150,2021/3/11 12:00:00,2021/6/1 4:59:59
30005,宝石,300,2021/3/16  5:00:00,2021/3/23 4:59:59
30003,宝石,300,2021/3/2  5:00:00,2021/3/9 4:59:59
30006,宝石,300,2021/3/23  5:00:00,2021/3/30 4:59:59
30007,宝石,300,2021/3/30  5:00:00,2021/4/6 4:59:59
30004,宝石,300,2021/3/9  5:00:00,2021/3/16 4:59:59
30009,宝石,564,2021/4/30 12:00:00,2021/5/15 4:59:59
30009,宝石,564,2021/4/30 12:00:00,2021/5/15 4:59:59
30009,宝石,564,2021/4/30 12:00:00,2021/5/15 4:59:59
30009,宝石,564,2021/4/30 12:00:00,2021/5/15 4:59:59
30009,宝石,564,2021/4/30 12:00:00,2021/5/15 4:59:59
30009,宝石,564,2021/4/30 12:00:00,2021/5/15 4:59:59
30009,宝石,564,2021/4/30 12:00:00,2021/5/15 4:59:59
30009,宝石,564,2021/4/30 12:00:00,2021/5/15 4:59:59
30009,宝石,564,2021/4/30 12:00:00,2021/5/15 4:59:59
30009,宝石,564,2021/4/30 12:00:00,2021/5/15 4:59:59
30010,宝石,150,2021/8/16 12:00:00,2021/8/17 4:59:59
30011,宝石,150,2021/8/17 05:00:00,2021/8/18 4:59:59
30012,宝石,150,2021/8/18 05:00:00,2021/8/19 4:59:59
30013,宝石,150,2021/8/19 05:00:00,2021/8/20 4:59:59
30014,宝石,150,2021/8/20 05:00:00,2021/8/21 4:59:59
30015,宝石,150,2021/8/21 05:00:00,2021/8/22 4:59:59
30016,宝石,150,2021/8/22 05:00:00,2021/8/23 4:59:59
30017,宝石,150,2021/8/23 05:00:00,2021/8/24 4:59:59
30018,[WINNING DREAM]无声铃鹿,1,2021/8/24 12:00:00,2021/9/30 4:59:59
30018,宝石,300,2021/8/24 12:00:00,2021/9/30 4:59:59
30018,宝石,300,2021/8/24 12:00:00,2021/9/30 4:59:59
30018,[WINNING DREAM]无声铃鹿,1,2021/8/24 12:00:00,2021/9/30 4:59:59
30018,宝石,300,2021/8/24 12:00:00,2021/9/30 4:59:59
30018,宝石,300,2021/8/24 12:00:00,2021/9/30 4:59:59
30018,宝石,300,2021/8/24 12:00:00,2021/9/30 4:59:59
30018,宝石,300,2021/8/24 12:00:00,2021/9/30 4:59:59
30018,宝石,300,2021/8/24 12:00:00,2021/9/30 4:59:59
30018,宝石,300,2021/8/24 12:00:00,2021/9/30 4:59:59
30018,宝石,300,2021/8/24 12:00:00,2021/9/30 4:59:59
30018,宝石,300,2021/8/24 12:00:00,2021/9/30 4:59:59
30024,宝石,1500,2022/1/1 5:00:00,2022/1/28 4:59:59
30024,宝石,300,2022/1/1 5:00:00,2022/1/28 4:59:59
30024,宝石,300,2022/1/1 5:00:00,2022/1/28 4:59:59
30024,宝石,300,2022/1/1 5:00:00,2022/1/28 4:59:59
30024,宝石,300,2022/1/1 5:00:00,2022/1/28 4:59:59
30024,宝石,300,2022/1/1 5:00:00,2022/1/28 4:59:59
30024,宝石,300,2022/1/1 5:00:00,2022/1/28 4:59:59
30024,宝石,300,2022/1/1 5:00:00,2022/1/28 4:59:59
30024,宝石,300,2022/1/1 5:00:00,2022/1/28 4:59:59
30024,宝石,300,2022/1/1 5:00:00,2022/1/28 4:59:59
30052,宝石,150,2022/10/17 12:00:00,2022/10/24 4:59:59
30051,宝石,500,2022/10/20 12:00:00,2022/11/4 4:59:59
30053,宝石,150,2022/10/24 5:00:00,2022/10/31 4:59:59
30054,宝石,150,2022/10/31 5:00:00,2022/11/7 4:59:59
30056,宝石,150,2022/11/14 5:00:00,2022/11/21 4:59:59
30057,宝石,150,2022/11/21 5:00:00,2022/11/28 4:59:59
30058,宝石,150,2022/11/28 5:00:00,2022/12/5 4:59:59
30055,宝石,150,2022/11/7 5:00:00,2022/11/14 4:59:59
30048,宝石,150,2022/12/12 12:00:00,2022/12/24 4:59:59
30048,启发书,5,2022/12/12 12:00:00,2022/12/24 4:59:59
30048,好友积分,500,2022/12/12 12:00:00,2022/12/24 4:59:59
30048,女神像,1,2022/12/12 12:00:00,2022/12/24 4:59:59
30048,迷你胡萝卜果冻,5,2022/12/12 12:00:00,2022/12/24 4:59:59
30048,干劲满溢甜点,5,2022/12/12 12:00:00,2022/12/24 4:59:59
30048,东京盛典赛优胜锦旗,10,2022/12/12 12:00:00,2022/12/24 4:59:59
30049,协助积分,1000,2022/12/12 12:00:00,2022/12/24 4:59:59
30049,协助积分,1000,2022/12/12 12:00:00,2022/12/24 4:59:59
30049,协助积分,1000,2022/12/12 12:00:00,2022/12/24 4:59:59
30049,协助积分,1000,2022/12/12 12:00:00,2022/12/24 4:59:59
30049,协助积分,1000,2022/12/12 12:00:00,2022/12/24 4:59:59
30060,宝石,150,2022/12/12 5:00:00,2022/12/19 4:59:59
30061,宝石,150,2022/12/19 5:00:00,2022/12/26 4:59:59
30050,宝石,500,2022/12/24 05:00:00,2022/12/26 4:59:59
30062,宝石,150,2022/12/26 5:00:00,2023/1/2 4:59:59
30074,宝石,150,2022/12/29 12:00:00,2022/12/30 4:59:59
30075,宝石,150,2022/12/30 5:00:00,2022/12/31 4:59:59
30076,宝石,150,2022/12/31 5:00:00,2023/1/1 4:59:59
30059,宝石,150,2022/12/5 5:00:00,2022/12/12 4:59:59
30025,宝石,150,2022/2/14 12:00:00,2022/2/15 4:59:59
30026,宝石,150,2022/2/15 05:00:00,2022/2/16 4:59:59
30027,宝石,150,2022/2/16 05:00:00,2022/2/17 4:59:59
30028,宝石,150,2022/2/17 05:00:00,2022/2/18 4:59:59
30029,宝石,150,2022/2/18 05:00:00,2022/2/19 4:59:59
30030,宝石,150,2022/2/19 05:00:00,2022/2/20 4:59:59
30031,宝石,150,2022/2/20 05:00:00,2022/2/21 4:59:59
30032,宝石,150,2022/2/21 05:00:00,2022/2/22 4:59:59
30033,宝石,150,2022/2/22 05:00:00,2022/2/23 4:59:59
30034,宝石,150,2022/2/23 05:00:00,2022/2/24 4:59:59
30035,[SPECIAL DREAMERS！！]里见光钻,1,2022/2/24 12:00:00,2022/3/30 4:59:59
30035,宝石,300,2022/2/24 12:00:00,2022/3/30 4:59:59
30035,宝石,300,2022/2/24 12:00:00,2022/3/30 4:59:59
30035,[SPECIAL DREAMERS！！]里见光钻,1,2022/2/24 12:00:00,2022/3/30 4:59:59
30035,宝石,300,2022/2/24 12:00:00,2022/3/30 4:59:59
30035,宝石,300,2022/2/24 12:00:00,2022/3/30 4:59:59
30035,宝石,300,2022/2/24 12:00:00,2022/3/30 4:59:59
30035,宝石,300,2022/2/24 12:00:00,2022/3/30 4:59:59
30035,宝石,300,2022/2/24 12:00:00,2022/3/30 4:59:59
30035,宝石,300,2022/2/24 12:00:00,2022/3/30 4:59:59
30035,宝石,300,2022/2/24 12:00:00,2022/3/30 4:59:59
30035,宝石,300,2022/2/24 12:00:00,2022/3/30 4:59:59
30036,宝石,150,2022/3/7 12:00:00,2022/3/30 4:59:59
30036,宝石,150,2022/3/7 12:00:00,2022/3/30 4:59:59
30036,宝石,150,2022/3/7 12:00:00,2022/3/30 4:59:59
30036,宝石,150,2022/3/7 12:00:00,2022/3/30 4:59:59
30036,宝石,150,2022/3/7 12:00:00,2022/3/30 4:59:59
30036,宝石,150,2022/3/7 12:00:00,2022/3/30 4:59:59
30036,宝石,150,2022/3/7 12:00:00,2022/3/30 4:59:59
30036,宝石,150,2022/3/7 12:00:00,2022/3/30 4:59:59
30036,宝石,150,2022/3/7 12:00:00,2022/3/30 4:59:59
30036,宝石,150,2022/3/7 12:00:00,2022/3/30 4:59:59
30036,宝石,150,2022/3/7 12:00:00,2022/3/30 4:59:59
30036,宝石,150,2022/3/7 12:00:00,2022/3/30 4:59:59
30036,宝石,150,2022/3/7 12:00:00,2022/3/30 4:59:59
30036,宝石,150,2022/3/7 12:00:00,2022/3/30 4:59:59
30036,宝石,150,2022/3/7 12:00:00,2022/3/30 4:59:59
30037,宝石,564,2022/4/28 12:00:00,2022/5/18 4:59:59
30037,宝石,564,2022/4/28 12:00:00,2022/5/18 4:59:59
30037,宝石,564,2022/4/28 12:00:00,2022/5/18 4:59:59
30037,宝石,564,2022/4/28 12:00:00,2022/5/18 4:59:59
30037,宝石,564,2022/4/28 12:00:00,2022/5/18 4:59:59
30037,宝石,564,2022/4/28 12:00:00,2022/5/18 4:59:59
30037,宝石,564,2022/4/28 12:00:00,2022/5/18 4:59:59
30037,宝石,564,2022/4/28 12:00:00,2022/5/18 4:59:59
30037,宝石,564,2022/4/28 12:00:00,2022/5/18 4:59:59
30037,宝石,564,2022/4/28 12:00:00,2022/5/18 4:59:59
30038,宝石,150,2022/7/20 12:00:00,2022/8/10 4:59:59
30038,宝石,150,2022/7/20 12:00:00,2022/8/10 4:59:59
30038,宝石,150,2022/7/20 12:00:00,2022/8/10 4:59:59
30038,宝石,150,2022/7/20 12:00:00,2022/8/10 4:59:59
30038,宝石,150,2022/7/20 12:00:00,2022/8/10 4:59:59
30038,宝石,150,2022/7/20 12:00:00,2022/8/10 4:59:59
30038,宝石,150,2022/7/20 12:00:00,2022/8/10 4:59:59
30038,宝石,150,2022/7/20 12:00:00,2022/8/10 4:59:59
30038,宝石,150,2022/7/20 12:00:00,2022/8/10 4:59:59
30038,宝石,150,2022/7/20 12:00:00,2022/8/10 4:59:59
30039,宝石,150,2022/8/16 12:00:00,2022/8/17 4:59:59
30040,宝石,150,2022/8/17 05:00:00,2022/8/18 4:59:59
30041,宝石,150,2022/8/18 05:00:00,2022/8/19 4:59:59
30042,宝石,150,2022/8/19 05:00:00,2022/8/20 4:59:59
30043,宝石,150,2022/8/20 05:00:00,2022/8/21 4:59:59
30044,宝石,150,2022/8/21 05:00:00,2022/8/22 4:59:59
30045,宝石,150,2022/8/22 05:00:00,2022/8/23 4:59:59
30046,宝石,150,2022/8/23 05:00:00,2022/8/24 4:59:59
30047,[U & Me]美浦波旁,1,2022/8/24 12:00:00,2022/9/30 4:59:59
30047,宝石,300,2022/8/24 12:00:00,2022/9/30 4:59:59
30047,宝石,300,2022/8/24 12:00:00,2022/9/30 4:59:59
30047,[U & Me]美浦波旁,1,2022/8/24 12:00:00,2022/9/30 4:59:59
30047,宝石,300,2022/8/24 12:00:00,2022/9/30 4:59:59
30047,宝石,300,2022/8/24 12:00:00,2022/9/30 4:59:59
30047,宝石,300,2022/8/24 12:00:00,2022/9/30 4:59:59
30047,宝石,300,2022/8/24 12:00:00,2022/9/30 4:59:59
30047,宝石,300,2022/8/24 12:00:00,2022/9/30 4:59:59
30047,宝石,300,2022/8/24 12:00:00,2022/9/30 4:59:59
30047,宝石,300,2022/8/24 12:00:00,2022/9/30 4:59:59
30047,宝石,300,2022/8/24 12:00:00,2022/9/30 4:59:59
30077,宝石,1500,2023/1/1 5:00:00,2023/1/31 4:59:59
30077,宝石,300,2023/1/1 5:00:00,2023/1/31 4:59:59
30077,宝石,300,2023/1/1 5:00:00,2023/1/31 4:59:59
30077,宝石,300,2023/1/1 5:00:00,2023/1/31 4:59:59
30077,宝石,300,2023/1/1 5:00:00,2023/1/31 4:59:59
30077,宝石,300,2023/1/1 5:00:00,2023/1/31 4:59:59
30077,宝石,300,2023/1/1 5:00:00,2023/1/31 4:59:59
30077,宝石,300,2023/1/1 5:00:00,2023/1/31 4:59:59
30077,宝石,300,2023/1/1 5:00:00,2023/1/31 4:59:59
30077,宝石,300,2023/1/1 5:00:00,2023/1/31 4:59:59
30078,宝石,500,2023/1/15 12:00:00,2023/1/29 4:59:59
30063,宝石,150,2023/1/16 5:00:00,2023/1/23 4:59:59
30064,宝石,150,2023/1/23 5:00:00,2023/1/30 4:59:59
30065,宝石,150,2023/1/30 5:00:00,2023/2/6 4:59:59
30109,宝石,500,2023/10/05 12:00:00,2023/10/12 4:59:59
30110,宝石,500,2023/10/12 5:00:00,2023/10/19 4:59:59
30124,宝石,500,2023/10/16 12:00:00,2023/10/30 4:59:59
30111,宝石,500,2023/10/19 5:00:00,2023/10/26 4:59:59
30112,宝石,500,2023/10/26 5:00:00,2023/11/02 4:59:59
30122,宝石,150,2023/10/30 12:00:00,2023/11/30 4:59:59
30122,宝石,150,2023/10/30 12:00:00,2023/11/30 4:59:59
30122,宝石,150,2023/10/30 12:00:00,2023/11/30 4:59:59
30122,宝石,150,2023/10/30 12:00:00,2023/11/30 4:59:59
30122,宝石,150,2023/10/30 12:00:00,2023/11/30 4:59:59
30122,宝石,150,2023/10/30 12:00:00,2023/11/30 4:59:59
30122,宝石,150,2023/10/30 12:00:00,2023/11/30 4:59:59
30122,宝石,150,2023/10/30 12:00:00,2023/11/30 4:59:59
30122,宝石,150,2023/10/30 12:00:00,2023/11/30 4:59:59
30122,宝石,150,2023/10/30 12:00:00,2023/11/30 4:59:59
30113,宝石,500,2023/11/02 5:00:00,2023/11/09 4:59:59
30114,宝石,500,2023/11/09 5:00:00,2023/11/16 4:59:59
30123,宝石,500,2023/11/1 12:00:00,2023/12/1 4:59:59
30115,宝石,500,2023/11/16 5:00:00,2023/11/23 4:59:59
30116,宝石,500,2023/11/23 5:00:00,2023/11/30 4:59:59
30125,宝石,500,2023/11/30 12:00:00,2023/12/11 4:59:59
30117,宝石,500,2023/11/30 5:00:00,2023/12/07 4:59:59
30118,宝石,500,2023/12/07 5:00:00,2023/12/14 4:59:59
30119,宝石,500,2023/12/14 5:00:00,2023/12/21 4:59:59
30120,宝石,500,2023/12/21 5:00:00,2023/12/28 4:59:59
30126,宝石,150,2023/12/28 12:00:00,2023/12/29 4:59:59
30121,宝石,500,2023/12/28 5:00:00,2024/01/04 4:59:59
30127,宝石,150,2023/12/29 5:00:00,2023/12/30 4:59:59
30128,宝石,150,2023/12/30 5:00:00,2023/12/31 4:59:59
30129,宝石,150,2023/12/31 5:00:00,2024/1/1 4:59:59
30067,宝石,150,2023/2/13 5:00:00,2023/2/20 4:59:59
30079,宝石,150,2023/2/14 12:00:00,2023/2/15 4:59:59
30080,宝石,150,2023/2/15 5:00:00,2023/2/16 4:59:59
30081,宝石,150,2023/2/16 5:00:00,2023/2/17 4:59:59
30082,宝石,150,2023/2/17 5:00:00,2023/2/18 4:59:59
30083,宝石,150,2023/2/18 5:00:00,2023/2/19 4:59:59
30084,宝石,150,2023/2/19 5:00:00,2023/2/20 4:59:59
30068,宝石,150,2023/2/20 5:00:00,2023/2/27 4:59:59
30085,宝石,150,2023/2/20 5:00:00,2023/2/21 4:59:59
30086,宝石,150,2023/2/21 5:00:00,2023/2/22 4:59:59
30087,宝石,150,2023/2/22 5:00:00,2023/2/23 4:59:59
30069,宝石,150,2023/2/23 5:00:00,2023/3/6 4:59:59
30088,宝石,150,2023/2/23 5:00:00,2023/2/24 4:59:59
30089,[Unyielding resolve]克里斯象征,1,2023/2/24 12:00:00,2023/3/30 4:59:59
30089,宝石,300,2023/2/24 12:00:00,2023/3/30 4:59:59
30089,宝石,300,2023/2/24 12:00:00,2023/3/30 4:59:59
30089,[Unyielding resolve]克里斯象征,1,2023/2/24 12:00:00,2023/3/30 4:59:59
30089,宝石,300,2023/2/24 12:00:00,2023/3/30 4:59:59
30089,宝石,300,2023/2/24 12:00:00,2023/3/30 4:59:59
30089,宝石,300,2023/2/24 12:00:00,2023/3/30 4:59:59
30089,宝石,300,2023/2/24 12:00:00,2023/3/30 4:59:59
30089,宝石,300,2023/2/24 12:00:00,2023/3/30 4:59:59
30089,宝石,300,2023/2/24 12:00:00,2023/3/30 4:59:59
30089,宝石,300,2023/2/24 12:00:00,2023/3/30 4:59:59
30089,宝石,300,2023/2/24 12:00:00,2023/3/30 4:59:59
30066,宝石,150,2023/2/6 5:00:00,2023/2/13 4:59:59
30090,宝石,150,2023/3/10 12:00:00,2023/3/30 4:59:59
30090,宝石,150,2023/3/10 12:00:00,2023/3/30 4:59:59
30090,宝石,150,2023/3/10 12:00:00,2023/3/30 4:59:59
30090,宝石,150,2023/3/10 12:00:00,2023/3/30 4:59:59
30090,宝石,150,2023/3/10 12:00:00,2023/3/30 4:59:59
30090,宝石,150,2023/3/10 12:00:00,2023/3/30 4:59:59
30090,宝石,150,2023/3/10 12:00:00,2023/3/30 4:59:59
30090,宝石,150,2023/3/10 12:00:00,2023/3/30 4:59:59
30090,宝石,150,2023/3/10 12:00:00,2023/3/30 4:59:59
30090,宝石,150,2023/3/10 12:00:00,2023/3/30 4:59:59
30090,宝石,150,2023/3/10 12:00:00,2023/3/30 4:59:59
30090,宝石,150,2023/3/10 12:00:00,2023/3/30 4:59:59
30090,宝石,150,2023/3/10 12:00:00,2023/3/30 4:59:59
30090,宝石,150,2023/3/10 12:00:00,2023/3/30 4:59:59
30090,宝石,150,2023/3/10 12:00:00,2023/3/30 4:59:59
30071,宝石,150,2023/3/13 5:00:00,2023/3/20 4:59:59
30072,宝石,150,2023/3/20 5:00:00,2023/3/27 4:59:59
30073,宝石,150,2023/3/27 5:00:00,2023/4/3 4:59:59
30070,宝石,150,2023/3/6 5:00:00,2023/3/13 4:59:59
30092,宝石,500,2023/4/10 12:00:00,2023/4/24 4:59:59
30093,宝石,150,2023/4/17 12:00:00,2023/4/24 4:59:59
30094,宝石,150,2023/4/24 5:00:00,2023/5/1 4:59:59
30095,宝石,150,2023/5/1 5:00:00,2023/5/8 4:59:59
30096,宝石,150,2023/5/8 5:00:00,2023/5/15 4:59:59
30097,宝石,150,2023/8/14 12:00:00,2023/8/15 4:59:59
30098,宝石,150,2023/8/15 5:00:00,2023/8/16 4:59:59
30099,宝石,150,2023/8/16 5:00:00,2023/8/17 4:59:59
30100,宝石,150,2023/8/17 5:00:00,2023/8/18 4:59:59
30101,宝石,150,2023/8/18 5:00:00,2023/8/19 4:59:59
30102,宝石,150,2023/8/19 5:00:00,2023/8/20 4:59:59
30103,宝石,150,2023/8/20 5:00:00,2023/8/21 4:59:59
30104,宝石,150,2023/8/21 5:00:00,2023/8/22 4:59:59
30105,宝石,150,2023/8/22 5:00:00,2023/8/23 4:59:59
30106,宝石,150,2023/8/23 5:00:00,2023/8/24 4:59:59
30107,[Precious☆Moments]爱慕织姬,1,2023/8/24 12:00:00,2023/9/30 4:59:59
30107,宝石,300,2023/8/24 12:00:00,2023/9/30 4:59:59
30107,宝石,300,2023/8/24 12:00:00,2023/9/30 4:59:59
30107,[Precious☆Moments]爱慕织姬,1,2023/8/24 12:00:00,2023/9/30 4:59:59
30107,宝石,300,2023/8/24 12:00:00,2023/9/30 4:59:59
30107,宝石,300,2023/8/24 12:00:00,2023/9/30 4:59:59
30107,宝石,300,2023/8/24 12:00:00,2023/9/30 4:59:59
30107,宝石,300,2023/8/24 12:00:00,2023/9/30 4:59:59
30107,宝石,300,2023/8/24 12:00:00,2023/9/30 4:59:59
30107,宝石,300,2023/8/24 12:00:00,2023/9/30 4:59:59
30107,宝石,300,2023/8/24 12:00:00,2023/9/30 4:59:59
30107,宝石,300,2023/8/24 12:00:00,2023/9/30 4:59:59
30108,宝石,500,2023/9/7 12:00:00,2023/10/3 4:59:59
30151,宝石,150,2024/08/14 12:00:00,2024/08/15 4:59:59
30152,宝石,150,2024/08/15 5:00:00,2024/08/16 4:59:59
30153,宝石,150,2024/08/16 5:00:00,2024/08/17 4:59:59
30154,宝石,150,2024/08/17 5:00:00,2024/08/18 4:59:59
30155,宝石,150,2024/08/18 5:00:00,2024/08/19 4:59:59
30156,宝石,150,2024/08/19 5:00:00,2024/08/20 4:59:59
30157,宝石,150,2024/08/20 5:00:00,2024/08/21 4:59:59
30158,宝石,150,2024/08/21 5:00:00,2024/08/22 4:59:59
30159,宝石,150,2024/08/22 5:00:00,2024/08/23 4:59:59
30160,宝石,150,2024/08/23 5:00:00,2024/08/24 4:59:59
30161,[我が学び舎へ、愛をこめて]ブエナビスタ,1,2024/08/24 12:00:00,2024/10/01 4:59:59
30161,宝石,300,2024/08/24 12:00:00,2024/10/01 4:59:59
30161,宝石,300,2024/08/24 12:00:00,2024/10/01 4:59:59
30161,[我が学び舎へ、愛をこめて]ブエナビスタ,1,2024/08/24 12:00:00,2024/10/01 4:59:59
30161,宝石,300,2024/08/24 12:00:00,2024/10/01 4:59:59
30161,宝石,300,2024/08/24 12:00:00,2024/10/01 4:59:59
30161,宝石,300,2024/08/24 12:00:00,2024/10/01 4:59:59
30161,宝石,300,2024/08/24 12:00:00,2024/10/01 4:59:59
30161,宝石,300,2024/08/24 12:00:00,2024/10/01 4:59:59
30161,宝石,300,2024/08/24 12:00:00,2024/10/01 4:59:59
30161,宝石,300,2024/08/24 12:00:00,2024/10/01 4:59:59
30161,宝石,300,2024/08/24 12:00:00,2024/10/01 4:59:59
30162,宝石,500,2024/08/24 12:00:00,2024/09/13 4:59:59
30130,宝石,1500,2024/1/1 5:00:00,2024/1/31 4:59:59
30130,宝石,300,2024/1/1 5:00:00,2024/1/31 4:59:59
30130,宝石,300,2024/1/1 5:00:00,2024/1/31 4:59:59
30130,宝石,300,2024/1/1 5:00:00,2024/1/31 4:59:59
30130,宝石,300,2024/1/1 5:00:00,2024/1/31 4:59:59
30130,宝石,300,2024/1/1 5:00:00,2024/1/31 4:59:59
30130,宝石,300,2024/1/1 5:00:00,2024/1/31 4:59:59
30130,宝石,300,2024/1/1 5:00:00,2024/1/31 4:59:59
30130,宝石,300,2024/1/1 5:00:00,2024/1/31 4:59:59
30130,宝石,300,2024/1/1 5:00:00,2024/1/31 4:59:59
30163,宝石,1500,2024/10/29 12:00:00,2024/11/29 4:59:59
30164,宝石,500,2024/11/2 12:00:00,2024/12/10 4:59:59
30165,宝石,150,2024/12/27 12:00:00,2024/12/28 4:59:59
30166,宝石,150,2024/12/28 5:00:00,2024/12/29 4:59:59
30167,宝石,150,2024/12/29 5:00:00,2024/12/30 4:59:59
30168,宝石,150,2024/12/30 5:00:00,2024/12/31 4:59:59
30169,宝石,150,2024/12/31 5:00:00,2025/1/1 4:59:59
30131,宝石,150,2024/2/14 12:00:00,2024/2/15 4:59:59
30132,宝石,150,2024/2/15 5:00:00,2024/2/16 4:59:59
30133,宝石,150,2024/2/16 5:00:00,2024/2/17 4:59:59
30134,宝石,150,2024/2/17 5:00:00,2024/2/18 4:59:59
30135,宝石,150,2024/2/18 5:00:00,2024/2/19 4:59:59
30136,宝石,150,2024/2/19 5:00:00,2024/2/20 4:59:59
30137,宝石,150,2024/2/20 5:00:00,2024/2/21 4:59:59
30138,宝石,150,2024/2/21 5:00:00,2024/2/22 4:59:59
30139,宝石,150,2024/2/22 5:00:00,2024/2/23 4:59:59
30140,宝石,150,2024/2/23 5:00:00,2024/2/24 4:59:59
30141,[Balliamo?]ジェンティルドンナ,1,2024/2/24 12:00:00,2024/3/30 4:59:59
30141,宝石,300,2024/2/24 12:00:00,2024/3/30 4:59:59
30141,宝石,300,2024/2/24 12:00:00,2024/3/30 4:59:59
30141,[Balliamo?]ジェンティルドンナ,1,2024/2/24 12:00:00,2024/3/30 4:59:59
30141,宝石,300,2024/2/24 12:00:00,2024/3/30 4:59:59
30141,宝石,300,2024/2/24 12:00:00,2024/3/30 4:59:59
30141,宝石,300,2024/2/24 12:00:00,2024/3/30 4:59:59
30141,宝石,300,2024/2/24 12:00:00,2024/3/30 4:59:59
30141,宝石,300,2024/2/24 12:00:00,2024/3/30 4:59:59
30141,宝石,300,2024/2/24 12:00:00,2024/3/30 4:59:59
30141,宝石,300,2024/2/24 12:00:00,2024/3/30 4:59:59
30141,宝石,300,2024/2/24 12:00:00,2024/3/30 4:59:59
30142,宝石,150,2024/3/12 12:00:00,2024/3/30 4:59:59
30142,宝石,150,2024/3/12 12:00:00,2024/3/30 4:59:59
30142,宝石,150,2024/3/12 12:00:00,2024/3/30 4:59:59
30142,宝石,150,2024/3/12 12:00:00,2024/3/30 4:59:59
30142,宝石,150,2024/3/12 12:00:00,2024/3/30 4:59:59
30142,宝石,150,2024/3/12 12:00:00,2024/3/30 4:59:59
30142,宝石,150,2024/3/12 12:00:00,2024/3/30 4:59:59
30142,宝石,150,2024/3/12 12:00:00,2024/3/30 4:59:59
30142,宝石,150,2024/3/12 12:00:00,2024/3/30 4:59:59
30142,宝石,150,2024/3/12 12:00:00,2024/3/30 4:59:59
30142,宝石,150,2024/3/12 12:00:00,2024/3/30 4:59:59
30142,宝石,150,2024/3/12 12:00:00,2024/3/30 4:59:59
30142,宝石,150,2024/3/12 12:00:00,2024/3/30 4:59:59
30142,宝石,150,2024/3/12 12:00:00,2024/3/30 4:59:59
30142,宝石,150,2024/3/12 12:00:00,2024/3/30 4:59:59
30148,宝石,500,2024/5/16 12:00:00,2024/5/31 4:59:59
30147,宝石,500,2024/5/24 12:00:00,2024/8/1 4:59:59
30150,宝石,1500,2024/6/26 12:00:00,2024/7/30 4:59:59
30149,宝石,500,2024/8/30 12:00:00,2024/9/20 4:59:59
30184,宝石,300,2025/04/07 12:00:00,2025/04/14 4:59:59
30185,宝石,300,2025/04/14 5:00:00,2025/04/21 4:59:59
30186,宝石,300,2025/04/21 5:00:00,2025/04/28 4:59:59
30187,宝石,300,2025/04/28 5:00:00,2025/05/05 4:59:59
30188,宝石,300,2025/05/05 5:00:00,2025/05/12 4:59:59
30189,宝石,300,2025/05/12 5:00:00,2025/05/19 4:59:59
30190,宝石,300,2025/05/19 5:00:00,2025/05/26 4:59:59
30191,宝石,300,2025/05/26 5:00:00,2025/06/02 4:59:59
30192,宝石,300,2025/06/02 5:00:00,2025/06/09 4:59:59
30193,宝石,300,2025/06/09 5:00:00,2025/06/16 4:59:59
30194,宝石,300,2025/06/16 5:00:00,2025/06/23 4:59:59
30195,宝石,300,2025/06/23 5:00:00,2025/06/30 4:59:59
30196,宝石,300,2025/06/30 5:00:00,2025/07/07 4:59:59
30208,[この先の未来で]クロノジェネシス,1,2025/08/24 12:00:00,2025/09/30 4:59:59
30208,宝石,300,2025/08/24 12:00:00,2025/09/30 4:59:59
30208,宝石,300,2025/08/24 12:00:00,2025/09/30 4:59:59
30208,[この先の未来で]クロノジェネシス,1,2025/08/24 12:00:00,2025/09/30 4:59:59
30208,宝石,300,2025/08/24 12:00:00,2025/09/30 4:59:59
30208,宝石,300,2025/08/24 12:00:00,2025/09/30 4:59:59
30208,宝石,300,2025/08/24 12:00:00,2025/09/30 4:59:59
30208,宝石,300,2025/08/24 12:00:00,2025/09/30 4:59:59
30208,宝石,300,2025/08/24 12:00:00,2025/09/30 4:59:59
30208,宝石,300,2025/08/24 12:00:00,2025/09/30 4:59:59
30208,宝石,300,2025/08/24 12:00:00,2025/09/30 4:59:59
30208,宝石,300,2025/08/24 12:00:00,2025/09/30 4:59:59
30170,宝石,1500,2025/1/1 5:00:00,2025/1/31 4:59:59
30170,宝石,300,2025/1/1 5:00:00,2025/1/31 4:59:59
30170,宝石,300,2025/1/1 5:00:00,2025/1/31 4:59:59
30170,宝石,300,2025/1/1 5:00:00,2025/1/31 4:59:59
30170,宝石,300,2025/1/1 5:00:00,2025/1/31 4:59:59
30170,宝石,300,2025/1/1 5:00:00,2025/1/31 4:59:59
30170,宝石,300,2025/1/1 5:00:00,2025/1/31 4:59:59
30170,宝石,300,2025/1/1 5:00:00,2025/1/31 4:59:59
30170,宝石,300,2025/1/1 5:00:00,2025/1/31 4:59:59
30170,宝石,300,2025/1/1 5:00:00,2025/1/31 4:59:59
30210,宝石,300,2025/10/06 12:00:00,2025/10/13 4:59:59
30211,宝石,300,2025/10/13 5:00:00,2025/10/20 4:59:59
30212,宝石,300,2025/10/20 5:00:00,2025/11/03 4:59:59
30209,宝石,500,2025/10/24 12:00:00,2025/11/28 4:59:59
30220,宝石,1500,2025/10/29 12:00:00,2025/11/28 4:59:59
30213,宝石,300,2025/11/03 5:00:00,2025/11/10 4:59:59
30214,宝石,300,2025/11/10 5:00:00,2025/11/24 4:59:59
30215,宝石,300,2025/11/24 5:00:00,2025/12/01 4:59:59
30216,宝石,300,2025/12/01 5:00:00,2025/12/08 4:59:59
30217,宝石,300,2025/12/08 5:00:00,2025/12/15 4:59:59
30171,宝石,150,2025/2/14 12:00:00,2025/2/15 4:59:59
30172,宝石,150,2025/2/15 5:00:00,2025/2/16 4:59:59
30173,宝石,150,2025/2/16 5:00:00,2025/2/17 4:59:59
30174,宝石,150,2025/2/17 5:00:00,2025/2/18 4:59:59
30175,宝石,150,2025/2/18 5:00:00,2025/2/19 4:59:59
30176,宝石,150,2025/2/19 5:00:00,2025/2/20 4:59:59
30177,宝石,150,2025/2/20 5:00:00,2025/2/21 4:59:59
30178,宝石,150,2025/2/21 5:00:00,2025/2/22 4:59:59
30179,宝石,150,2025/2/22 5:00:00,2025/2/23 4:59:59
30180,宝石,150,2025/2/23 5:00:00,2025/2/24 4:59:59
30181,[NEW TALES AWAIT]グランアレグリア,1,2025/2/24 12:00:00,2025/4/1 4:59:59
30181,宝石,300,2025/2/24 12:00:00,2025/4/1 4:59:59
30181,宝石,300,2025/2/24 12:00:00,2025/4/1 4:59:59
30181,[NEW TALES AWAIT]グランアレグリア,1,2025/2/24 12:00:00,2025/4/1 4:59:59
30181,宝石,300,2025/2/24 12:00:00,2025/4/1 4:59:59
30181,宝石,300,2025/2/24 12:00:00,2025/4/1 4:59:59
30181,宝石,300,2025/2/24 12:00:00,2025/4/1 4:59:59
30181,宝石,300,2025/2/24 12:00:00,2025/4/1 4:59:59
30181,宝石,300,2025/2/24 12:00:00,2025/4/1 4:59:59
30181,宝石,300,2025/2/24 12:00:00,2025/4/1 4:59:59
30181,宝石,300,2025/2/24 12:00:00,2025/4/1 4:59:59
30181,宝石,300,2025/2/24 12:00:00,2025/4/1 4:59:59
30182,宝石,150,2025/3/11 12:00:00,2025/4/1 4:59:59
30182,宝石,150,2025/3/11 12:00:00,2025/4/1 4:59:59
30182,宝石,150,2025/3/11 12:00:00,2025/4/1 4:59:59
30182,宝石,150,2025/3/11 12:00:00,2025/4/1 4:59:59
30182,宝石,150,2025/3/11 12:00:00,2025/4/1 4:59:59
30182,宝石,150,2025/3/11 12:00:00,2025/4/1 4:59:59
30182,宝石,150,2025/3/11 12:00:00,2025/4/1 4:59:59
30182,宝石,150,2025/3/11 12:00:00,2025/4/1 4:59:59
30182,宝石,150,2025/3/11 12:00:00,2025/4/1 4:59:59
30182,宝石,150,2025/3/11 12:00:00,2025/4/1 4:59:59
30182,宝石,150,2025/3/11 12:00:00,2025/4/1 4:59:59
30182,宝石,150,2025/3/11 12:00:00,2025/4/1 4:59:59
30182,宝石,150,2025/3/11 12:00:00,2025/4/1 4:59:59
30182,宝石,150,2025/3/11 12:00:00,2025/4/1 4:59:59
30182,宝石,150,2025/3/11 12:00:00,2025/4/1 4:59:59
30183,宝石,500,2025/3/20 12:00:00,2025/6/23 4:59:59
30197,宝石,1500,2025/6/27 12:00:00,2025/7/31 4:59:59
30198,宝石,150,2025/8/14 12:00:00,2025/8/15 4:59:59
30199,宝石,150,2025/8/15 5:00:00,2025/8/16 4:59:59
30200,宝石,150,2025/8/16 5:00:00,2025/8/17 4:59:59
30201,宝石,150,2025/8/17 5:00:00,2025/8/18 4:59:59
30202,宝石,150,2025/8/18 5:00:00,2025/8/19 4:59:59
30203,宝石,150,2025/8/19 5:00:00,2025/8/20 4:59:59
30204,宝石,150,2025/8/20 5:00:00,2025/8/21 4:59:59
30205,宝石,150,2025/8/21 5:00:00,2025/8/22 4:59:59
30206,宝石,150,2025/8/22 5:00:00,2025/8/23 4:59:59
30207,宝石,150,2025/8/23 5:00:00,2025/8/24 4:59:59
