Event Name,Item Name,Total Num
向着你的梦想奔跑吧！,短距离跑鞋,10
向着你的梦想奔跑吧！,轮盘币,742
向着你的梦想奔跑吧！,金币,57000
向着你的梦想奔跑吧！,协助积分,21500
向着你的梦想奔跑吧！,英里跑鞋,10
向着你的梦想奔跑吧！,好友积分,2100
向着你的梦想奔跑吧！,中距离跑鞋,10
向着你的梦想奔跑吧！,长距离跑鞋,10
向着你的梦想奔跑吧！,泥地跑鞋,10
向着你的梦想奔跑吧！,闹钟,12
向着你的梦想奔跑吧！,梦想光辉,3
向着你的梦想奔跑吧！,迷你胡萝卜果冻,4
向着你的梦想奔跑吧！,干劲满溢甜点,3
向着你的梦想奔跑吧！,协助卡招募券,2
向着你的梦想奔跑吧！,雨天娃娃,4
向着你的梦想奔跑吧！,宝石,500
向着你的梦想奔跑吧！,能量饮料30,8
向着你的梦想奔跑吧！,养成优俊少女招募券,2
向着你的梦想奔跑吧！,晴天娃娃,1
向着你的梦想奔跑吧！,[夕阳是憧憬之色]特别周,2
向着你的梦想奔跑吧！,女神像,20
向着你的梦想奔跑吧！,活动积分,7200
向着你的梦想奔跑吧！,Item_310101,1
Brand-new Friend,好友积分,2100
Brand-new Friend,金币,75000
Brand-new Friend,协助积分,37500
Brand-new Friend,闹钟,12
Brand-new Friend,宝石,710
Brand-new Friend,能量饮料30,8
Brand-new Friend,迷你胡萝卜果冻,4
Brand-new Friend,干劲满溢甜点,3
Brand-new Friend,协助卡招募券,2
Brand-new Friend,梦想光辉,3
Brand-new Friend,[天真无邪]优秀素质,1
Brand-new Friend,女神像,20
Brand-new Friend,养成优俊少女招募券,2
Brand-new Friend,全国德比优胜锦旗,2
Brand-new Friend,[Just keep going.]待兼唐怀瑟,1
Brand-new Friend,大阪杯优胜锦旗,2
Brand-new Friend,天王奖（春）优胜锦旗,2
Brand-new Friend,中山大奖赛优胜锦旗,2
Brand-new Friend,轮盘币,640
Brand-new Friend,活动积分,66000
Brand-new Friend,Item_310102,1
花开少女JunePride,好友积分,2100
花开少女JunePride,金币,75000
花开少女JunePride,协助积分,37500
花开少女JunePride,闹钟,12
花开少女JunePride,能量饮料30,8
花开少女JunePride,干劲满溢甜点,3
花开少女JunePride,迷你胡萝卜果冻,2
花开少女JunePride,宝石,350
花开少女JunePride,协助卡招募券,2
花开少女JunePride,梦想光辉,3
花开少女JunePride,秋华奖优胜锦旗,2
花开少女JunePride,女神像,20
花开少女JunePride,养成优俊少女招募券,2
花开少女JunePride,天王奖（春）优胜锦旗,2
花开少女JunePride,奥克斯优胜锦旗,4
花开少女JunePride,天王奖（秋）优胜锦旗,2
花开少女JunePride,菊花奖优胜锦旗,2
花开少女JunePride,[心与心愿]目白多伯,1
花开少女JunePride,中山大奖赛优胜锦旗,2
花开少女JunePride,轮盘币,580
花开少女JunePride,活动积分,81000
花开少女JunePride,Item_310103,1
幻想世界优俊大陆,好友积分,2100
幻想世界优俊大陆,金币,75000
幻想世界优俊大陆,协助积分,37500
幻想世界优俊大陆,闹钟,12
幻想世界优俊大陆,能量饮料30,8
幻想世界优俊大陆,干劲满溢甜点,3
幻想世界优俊大陆,迷你胡萝卜果冻,2
幻想世界优俊大陆,宝石,600
幻想世界优俊大陆,协助卡招募券,2
幻想世界优俊大陆,梦想光辉,3
幻想世界优俊大陆,宝冢纪念优胜锦旗,2
幻想世界优俊大陆,女神像,20
幻想世界优俊大陆,养成优俊少女招募券,2
幻想世界优俊大陆,东京英里赛优胜锦旗,2
幻想世界优俊大陆,朝日杯未来锦标赛优胜锦旗,2
幻想世界优俊大陆,广播协会英里杯优胜锦旗,2
幻想世界优俊大陆,全国德比优胜锦旗,2
幻想世界优俊大陆,[优俊王传说·登上最强宝座]黄金船,1
幻想世界优俊大陆,全国杯优胜锦旗,2
幻想世界优俊大陆,中山大奖赛优胜锦旗,2
幻想世界优俊大陆,轮盘币,580
幻想世界优俊大陆,活动积分,81000
幻想世界优俊大陆,Item_310104,1
若她换上了泳装 优俊少女夏日物语,好友积分,2100
若她换上了泳装 优俊少女夏日物语,金币,75000
若她换上了泳装 优俊少女夏日物语,协助积分,37500
若她换上了泳装 优俊少女夏日物语,闹钟,12
若她换上了泳装 优俊少女夏日物语,能量饮料30,8
若她换上了泳装 优俊少女夏日物语,干劲满溢甜点,3
若她换上了泳装 优俊少女夏日物语,迷你胡萝卜果冻,2
若她换上了泳装 优俊少女夏日物语,宝石,600
若她换上了泳装 优俊少女夏日物语,协助卡招募券,2
若她换上了泳装 优俊少女夏日物语,梦想光辉,3
若她换上了泳装 优俊少女夏日物语,东京英里赛优胜锦旗,2
若她换上了泳装 优俊少女夏日物语,女神像,20
若她换上了泳装 优俊少女夏日物语,养成优俊少女招募券,2
若她换上了泳装 优俊少女夏日物语,菊花奖优胜锦旗,2
若她换上了泳装 优俊少女夏日物语,朝日杯未来锦标赛优胜锦旗,2
若她换上了泳装 优俊少女夏日物语,大阪杯优胜锦旗,2
若她换上了泳装 优俊少女夏日物语,全国德比优胜锦旗,2
若她换上了泳装 优俊少女夏日物语,[Trifle☆Vacation]大和赤骥,1
若她换上了泳装 优俊少女夏日物语,全国杯优胜锦旗,2
若她换上了泳装 优俊少女夏日物语,天王奖（春）优胜锦旗,2
若她换上了泳装 优俊少女夏日物语,轮盘币,640
若她换上了泳装 优俊少女夏日物语,活动积分,90000
若她换上了泳装 优俊少女夏日物语,Item_310105,1
Make up in Halloween！,好友积分,2100
Make up in Halloween！,金币,232000
Make up in Halloween！,协助积分,116000
Make up in Halloween！,闹钟,12
Make up in Halloween！,能量饮料30,4
Make up in Halloween！,干劲满溢甜点,3
Make up in Halloween！,迷你胡萝卜果冻,2
Make up in Halloween！,宝石,1500
Make up in Halloween！,协助卡招募券,2
Make up in Halloween！,梦想光辉,3
Make up in Halloween！,女神像,20
Make up in Halloween！,菊花奖优胜锦旗,2
Make up in Halloween！,养成优俊少女招募券,2
Make up in Halloween！,宝冢纪念优胜锦旗,2
Make up in Halloween！,大阪杯优胜锦旗,2
Make up in Halloween！,彩虹结晶片,3
Make up in Halloween！,全国德比优胜锦旗,2
Make up in Halloween！,[幽灵小姐与万圣节的魔法]美浦波旁,1
Make up in Halloween！,全国杯优胜锦旗,2
Make up in Halloween！,天王奖（秋）优胜锦旗,2
Make up in Halloween！,天王奖（春）优胜锦旗,2
Make up in Halloween！,轮盘币,600
Make up in Halloween！,活动积分,90000
Make up in Halloween！,Item_310106,1
晚秋骏典乐争鸣,好友积分,2100
晚秋骏典乐争鸣,金币,232000
晚秋骏典乐争鸣,协助积分,116000
晚秋骏典乐争鸣,闹钟,12
晚秋骏典乐争鸣,能量饮料30,4
晚秋骏典乐争鸣,干劲满溢甜点,3
晚秋骏典乐争鸣,迷你胡萝卜果冻,2
晚秋骏典乐争鸣,宝石,1500
晚秋骏典乐争鸣,协助卡招募券,2
晚秋骏典乐争鸣,梦想光辉,3
晚秋骏典乐争鸣,女神像,20
晚秋骏典乐争鸣,阪神初级少女杯赛优胜锦旗,2
晚秋骏典乐争鸣,养成优俊少女招募券,2
晚秋骏典乐争鸣,皋月奖优胜锦旗,2
晚秋骏典乐争鸣,全国德比优胜锦旗,2
晚秋骏典乐争鸣,彩虹结晶片,3
晚秋骏典乐争鸣,菊花奖优胜锦旗,2
晚秋骏典乐争鸣,[点亮初宵的奉纳舞]雪之美人,1
晚秋骏典乐争鸣,大阪杯优胜锦旗,2
晚秋骏典乐争鸣,宝冢纪念优胜锦旗,2
晚秋骏典乐争鸣,全国杯优胜锦旗,2
晚秋骏典乐争鸣,轮盘币,600
晚秋骏典乐争鸣,活动积分,90000
晚秋骏典乐争鸣,Item_310107,1
神圣之夜的双重奇迹,好友积分,2100
神圣之夜的双重奇迹,金币,232000
神圣之夜的双重奇迹,协助积分,116000
神圣之夜的双重奇迹,闹钟,12
神圣之夜的双重奇迹,能量饮料30,4
神圣之夜的双重奇迹,干劲满溢甜点,3
神圣之夜的双重奇迹,迷你胡萝卜果冻,2
神圣之夜的双重奇迹,宝石,1500
神圣之夜的双重奇迹,协助卡招募券,2
神圣之夜的双重奇迹,梦想光辉,3
神圣之夜的双重奇迹,女神像,20
神圣之夜的双重奇迹,天王奖（春）优胜锦旗,2
神圣之夜的双重奇迹,养成优俊少女招募券,2
神圣之夜的双重奇迹,广播协会英里杯优胜锦旗,2
神圣之夜的双重奇迹,菊花奖优胜锦旗,2
神圣之夜的双重奇迹,彩虹结晶片,3
神圣之夜的双重奇迹,天王奖（秋）优胜锦旗,2
神圣之夜的双重奇迹,[冰晶之日]美丽周日,1
神圣之夜的双重奇迹,英里冠军赛优胜锦旗,2
神圣之夜的双重奇迹,朝日杯未来锦标赛优胜锦旗,2
神圣之夜的双重奇迹,中山大奖赛优胜锦旗,2
神圣之夜的双重奇迹,轮盘币,600
神圣之夜的双重奇迹,活动积分,147000
神圣之夜的双重奇迹,Item_310108,1
瑞雪纷飞！新春歌牌大赛,好友积分,2100
瑞雪纷飞！新春歌牌大赛,金币,232000
瑞雪纷飞！新春歌牌大赛,协助积分,116000
瑞雪纷飞！新春歌牌大赛,闹钟,12
瑞雪纷飞！新春歌牌大赛,能量饮料30,4
瑞雪纷飞！新春歌牌大赛,干劲满溢甜点,3
瑞雪纷飞！新春歌牌大赛,迷你胡萝卜果冻,2
瑞雪纷飞！新春歌牌大赛,宝石,1500
瑞雪纷飞！新春歌牌大赛,协助卡招募券,2
瑞雪纷飞！新春歌牌大赛,梦想光辉,3
瑞雪纷飞！新春歌牌大赛,女神像,20
瑞雪纷飞！新春歌牌大赛,天王奖（春）优胜锦旗,2
瑞雪纷飞！新春歌牌大赛,养成优俊少女招募券,2
瑞雪纷飞！新春歌牌大赛,宝冢纪念优胜锦旗,2
瑞雪纷飞！新春歌牌大赛,中山大奖赛优胜锦旗,2
瑞雪纷飞！新春歌牌大赛,彩虹结晶片,3
瑞雪纷飞！新春歌牌大赛,全国杯优胜锦旗,2
瑞雪纷飞！新春歌牌大赛,[想要飞奔而出的心情]名将怒涛,1
瑞雪纷飞！新春歌牌大赛,二月锦标赛优胜锦旗,2
瑞雪纷飞！新春歌牌大赛,全国冠军杯优胜锦旗,2
瑞雪纷飞！新春歌牌大赛,全国育成杯短途赛优胜锦旗,2
瑞雪纷飞！新春歌牌大赛,轮盘币,600
瑞雪纷飞！新春歌牌大赛,活动积分,147000
瑞雪纷飞！新春歌牌大赛,Item_310109,1
荣冠西点大师,好友积分,2100
荣冠西点大师,金币,232000
荣冠西点大师,协助积分,116000
荣冠西点大师,闹钟,12
荣冠西点大师,能量饮料30,4
荣冠西点大师,干劲满溢甜点,3
荣冠西点大师,迷你胡萝卜果冻,2
荣冠西点大师,宝石,1500
荣冠西点大师,协助卡招募券,2
荣冠西点大师,梦想光辉,3
荣冠西点大师,女神像,20
荣冠西点大师,大阪杯优胜锦旗,2
荣冠西点大师,养成优俊少女招募券,2
荣冠西点大师,皋月奖优胜锦旗,2
荣冠西点大师,天王奖（春）优胜锦旗,2
荣冠西点大师,彩虹结晶片,3
荣冠西点大师,全国德比优胜锦旗,2
荣冠西点大师,[In my way]岛川乔丹,1
荣冠西点大师,菊花奖优胜锦旗,2
荣冠西点大师,天王奖（秋）优胜锦旗,2
荣冠西点大师,朝日杯未来锦标赛优胜锦旗,2
荣冠西点大师,轮盘币,600
荣冠西点大师,活动积分,147000
荣冠西点大师,Item_310110,1
展翅翱翔的Run-up！,好友积分,2100
展翅翱翔的Run-up！,金币,232000
展翅翱翔的Run-up！,协助积分,116000
展翅翱翔的Run-up！,闹钟,12
展翅翱翔的Run-up！,能量饮料30,4
展翅翱翔的Run-up！,干劲满溢甜点,3
展翅翱翔的Run-up！,迷你胡萝卜果冻,2
展翅翱翔的Run-up！,天王奖（春）优胜锦旗,4
展翅翱翔的Run-up！,宝石,1750
展翅翱翔的Run-up！,协助卡招募券,2
展翅翱翔的Run-up！,梦想光辉,3
展翅翱翔的Run-up！,女神像,20
展翅翱翔的Run-up！,天王奖（秋）优胜锦旗,2
展翅翱翔的Run-up！,养成优俊少女招募券,2
展翅翱翔的Run-up！,[一天结束之时]特别周,1
展翅翱翔的Run-up！,中山大奖赛优胜锦旗,2
展翅翱翔的Run-up！,彩虹结晶片,3
展翅翱翔的Run-up！,菊花奖优胜锦旗,4
展翅翱翔的Run-up！,[一小步·又·一小步]目白光明,1
展翅翱翔的Run-up！,全国德比优胜锦旗,2
展翅翱翔的Run-up！,轮盘币,600
展翅翱翔的Run-up！,活动积分,147000
展翅翱翔的Run-up！,Item_310111,1
今夜，起舞于最终直道,好友积分,2100
今夜，起舞于最终直道,金币,320000
今夜，起舞于最终直道,协助积分,116000
今夜，起舞于最终直道,闹钟,12
今夜，起舞于最终直道,启发书,10
今夜，起舞于最终直道,启发专业书,6
今夜，起舞于最终直道,能量饮料30,4
今夜，起舞于最终直道,干劲满溢甜点,3
今夜，起舞于最终直道,迷你胡萝卜果冻,2
今夜，起舞于最终直道,宝石,1500
今夜，起舞于最终直道,协助卡招募券,2
今夜，起舞于最终直道,梦想光辉,3
今夜，起舞于最终直道,女神像,20
今夜，起舞于最终直道,大阪杯优胜锦旗,2
今夜，起舞于最终直道,养成优俊少女招募券,2
今夜，起舞于最终直道,皋月奖优胜锦旗,2
今夜，起舞于最终直道,稀有启发书,2
今夜，起舞于最终直道,天王奖（春）优胜锦旗,2
今夜，起舞于最终直道,彩虹结晶片,3
今夜，起舞于最终直道,全国德比优胜锦旗,2
今夜，起舞于最终直道,菊花奖优胜锦旗,2
今夜，起舞于最终直道,[mag！c number]空中神宫,1
今夜，起舞于最终直道,天王奖（秋）优胜锦旗,2
今夜，起舞于最终直道,稀有启发专业书,1
今夜，起舞于最终直道,朝日杯未来锦标赛优胜锦旗,2
今夜，起舞于最终直道,轮盘币,600
今夜，起舞于最终直道,活动积分,147000
今夜，起舞于最终直道,Item_310112,1
高声喝彩！特雷森学园后援团,好友积分,2100
高声喝彩！特雷森学园后援团,金币,320000
高声喝彩！特雷森学园后援团,协助积分,116000
高声喝彩！特雷森学园后援团,闹钟,12
高声喝彩！特雷森学园后援团,启发书,10
高声喝彩！特雷森学园后援团,启发专业书,6
高声喝彩！特雷森学园后援团,能量饮料30,4
高声喝彩！特雷森学园后援团,干劲满溢甜点,3
高声喝彩！特雷森学园后援团,迷你胡萝卜果冻,2
高声喝彩！特雷森学园后援团,宝石,1500
高声喝彩！特雷森学园后援团,协助卡招募券,2
高声喝彩！特雷森学园后援团,梦想光辉,3
高声喝彩！特雷森学园后援团,女神像,20
高声喝彩！特雷森学园后援团,希望锦标赛优胜锦旗,2
高声喝彩！特雷森学园后援团,养成优俊少女招募券,2
高声喝彩！特雷森学园后援团,皋月奖优胜锦旗,2
高声喝彩！特雷森学园后援团,稀有启发书,2
高声喝彩！特雷森学园后援团,大阪杯优胜锦旗,2
高声喝彩！特雷森学园后援团,彩虹结晶片,3
高声喝彩！特雷森学园后援团,中京短途赛优胜锦旗,2
高声喝彩！特雷森学园后援团,宝冢纪念优胜锦旗,2
高声喝彩！特雷森学园后援团,[加油加油☆公主！]川上公主,1
高声喝彩！特雷森学园后援团,天王奖（秋）优胜锦旗,2
高声喝彩！特雷森学园后援团,稀有启发专业书,1
高声喝彩！特雷森学园后援团,中山大奖赛优胜锦旗,2
高声喝彩！特雷森学园后援团,轮盘币,600
高声喝彩！特雷森学园后援团,活动积分,147000
高声喝彩！特雷森学园后援团,Item_310113,1
“限时”～Silks&Three Riddles～,好友积分,2100
“限时”～Silks&Three Riddles～,金币,320000
“限时”～Silks&Three Riddles～,协助积分,116000
“限时”～Silks&Three Riddles～,闹钟,12
“限时”～Silks&Three Riddles～,启发书,10
“限时”～Silks&Three Riddles～,启发专业书,6
“限时”～Silks&Three Riddles～,能量饮料30,4
“限时”～Silks&Three Riddles～,干劲满溢甜点,3
“限时”～Silks&Three Riddles～,迷你胡萝卜果冻,2
“限时”～Silks&Three Riddles～,宝石,1500
“限时”～Silks&Three Riddles～,协助卡招募券,2
“限时”～Silks&Three Riddles～,梦想光辉,3
“限时”～Silks&Three Riddles～,女神像,20
“限时”～Silks&Three Riddles～,樱花奖优胜锦旗,2
“限时”～Silks&Three Riddles～,养成优俊少女招募券,2
“限时”～Silks&Three Riddles～,秋华奖优胜锦旗,2
“限时”～Silks&Three Riddles～,稀有启发书,2
“限时”～Silks&Three Riddles～,阪神初级少女杯赛优胜锦旗,2
“限时”～Silks&Three Riddles～,彩虹结晶片,3
“限时”～Silks&Three Riddles～,奥克斯优胜锦旗,2
“限时”～Silks&Three Riddles～,中京短途赛优胜锦旗,2
“限时”～Silks&Three Riddles～,[憧憬的景色]米浴,1
“限时”～Silks&Three Riddles～,伊丽莎白女王杯优胜锦旗,2
“限时”～Silks&Three Riddles～,稀有启发专业书,1
“限时”～Silks&Three Riddles～,维多利亚英里赛优胜锦旗,2
“限时”～Silks&Three Riddles～,轮盘币,600
“限时”～Silks&Three Riddles～,活动积分,147000
“限时”～Silks&Three Riddles～,Item_310114,1
探索、解谜、夏日漫游！,好友积分,2100
探索、解谜、夏日漫游！,金币,320000
探索、解谜、夏日漫游！,协助积分,116000
探索、解谜、夏日漫游！,闹钟,24
探索、解谜、夏日漫游！,启发书,10
探索、解谜、夏日漫游！,启发专业书,6
探索、解谜、夏日漫游！,能量饮料30,4
探索、解谜、夏日漫游！,干劲满溢甜点,3
探索、解谜、夏日漫游！,迷你胡萝卜果冻,2
探索、解谜、夏日漫游！,宝石,1500
探索、解谜、夏日漫游！,协助卡招募券,2
探索、解谜、夏日漫游！,梦想光辉,3
探索、解谜、夏日漫游！,女神像,20
探索、解谜、夏日漫游！,大阪杯优胜锦旗,2
探索、解谜、夏日漫游！,养成优俊少女招募券,2
探索、解谜、夏日漫游！,奥克斯优胜锦旗,2
探索、解谜、夏日漫游！,稀有启发书,2
探索、解谜、夏日漫游！,东京英里赛优胜锦旗,2
探索、解谜、夏日漫游！,彩虹结晶片,3
探索、解谜、夏日漫游！,短途者锦标赛优胜锦旗,2
探索、解谜、夏日漫游！,秋华奖优胜锦旗,2
探索、解谜、夏日漫游！,[《蔷薇辉石与梦之石》]荒漠英雄,1
探索、解谜、夏日漫游！,伊丽莎白女王杯优胜锦旗,2
探索、解谜、夏日漫游！,稀有启发专业书,1
探索、解谜、夏日漫游！,英里冠军赛优胜锦旗,2
探索、解谜、夏日漫游！,轮盘币,600
探索、解谜、夏日漫游！,活动积分,147000
探索、解谜、夏日漫游！,Item_310115,1
大混战？！夏日☆假期,好友积分,2100
大混战？！夏日☆假期,金币,320000
大混战？！夏日☆假期,协助积分,116000
大混战？！夏日☆假期,闹钟,24
大混战？！夏日☆假期,启发书,10
大混战？！夏日☆假期,启发专业书,6
大混战？！夏日☆假期,能量饮料30,4
大混战？！夏日☆假期,干劲满溢甜点,3
大混战？！夏日☆假期,迷你胡萝卜果冻,2
大混战？！夏日☆假期,宝石,1500
大混战？！夏日☆假期,协助卡招募券,2
大混战？！夏日☆假期,梦想光辉,3
大混战？！夏日☆假期,女神像,20
大混战？！夏日☆假期,天王奖（春）优胜锦旗,2
大混战？！夏日☆假期,养成优俊少女招募券,2
大混战？！夏日☆假期,宝冢纪念优胜锦旗,2
大混战？！夏日☆假期,稀有启发书,2
大混战？！夏日☆假期,菊花奖优胜锦旗,2
大混战？！夏日☆假期,彩虹结晶片,3
大混战？！夏日☆假期,大阪杯优胜锦旗,2
大混战？！夏日☆假期,中山大奖赛优胜锦旗,2
大混战？！夏日☆假期,[心怀超赞，终绽樱华]樱花千代王,1
大混战？！夏日☆假期,皋月奖优胜锦旗,2
大混战？！夏日☆假期,稀有启发专业书,1
大混战？！夏日☆假期,希望锦标赛优胜锦旗,2
大混战？！夏日☆假期,轮盘币,600
大混战？！夏日☆假期,活动积分,147000
大混战？！夏日☆假期,Item_310116,1
铁翼蒸汽奇谭,好友积分,2100
铁翼蒸汽奇谭,金币,320000
铁翼蒸汽奇谭,协助积分,116000
铁翼蒸汽奇谭,闹钟,24
铁翼蒸汽奇谭,启发书,10
铁翼蒸汽奇谭,启发专业书,6
铁翼蒸汽奇谭,能量饮料30,4
铁翼蒸汽奇谭,干劲满溢甜点,3
铁翼蒸汽奇谭,迷你胡萝卜果冻,2
铁翼蒸汽奇谭,宝石,1500
铁翼蒸汽奇谭,协助卡招募券,2
铁翼蒸汽奇谭,梦想光辉,3
铁翼蒸汽奇谭,女神像,20
铁翼蒸汽奇谭,皋月奖优胜锦旗,2
铁翼蒸汽奇谭,养成优俊少女招募券,2
铁翼蒸汽奇谭,全国德比优胜锦旗,2
铁翼蒸汽奇谭,稀有启发书,2
铁翼蒸汽奇谭,菊花奖优胜锦旗,2
铁翼蒸汽奇谭,彩虹结晶片,3
铁翼蒸汽奇谭,全国杯优胜锦旗,2
铁翼蒸汽奇谭,希望锦标赛优胜锦旗,2
铁翼蒸汽奇谭,[乌托邦设计师]琵琶晨光,1
铁翼蒸汽奇谭,大阪杯优胜锦旗,2
铁翼蒸汽奇谭,稀有启发专业书,1
铁翼蒸汽奇谭,天王奖（春）优胜锦旗,2
铁翼蒸汽奇谭,轮盘币,600
铁翼蒸汽奇谭,活动积分,147000
铁翼蒸汽奇谭,Item_310117,1
转瞬即逝的日子,好友积分,2100
转瞬即逝的日子,金币,320000
转瞬即逝的日子,协助积分,116000
转瞬即逝的日子,闹钟,24
转瞬即逝的日子,启发书,10
转瞬即逝的日子,启发专业书,6
转瞬即逝的日子,能量饮料30,4
转瞬即逝的日子,干劲满溢甜点,3
转瞬即逝的日子,迷你胡萝卜果冻,2
转瞬即逝的日子,宝石,1500
转瞬即逝的日子,协助卡招募券,2
转瞬即逝的日子,梦想光辉,3
转瞬即逝的日子,女神像,20
转瞬即逝的日子,英里冠军南部杯优胜锦旗,2
转瞬即逝的日子,养成优俊少女招募券,2
转瞬即逝的日子,天王奖（秋）优胜锦旗,2
转瞬即逝的日子,稀有启发书,2
转瞬即逝的日子,宝冢纪念优胜锦旗,2
转瞬即逝的日子,彩虹结晶片,3
转瞬即逝的日子,东京英里赛优胜锦旗,2
转瞬即逝的日子,英里冠军赛优胜锦旗,2
转瞬即逝的日子,[出来吧！恐怖的魔王军]新光风,1
转瞬即逝的日子,全国杯优胜锦旗,2
转瞬即逝的日子,稀有启发专业书,1
转瞬即逝的日子,天王奖（春）优胜锦旗,2
转瞬即逝的日子,轮盘币,600
转瞬即逝的日子,活动积分,147000
转瞬即逝的日子,Item_310118,1
信念相承，为信而驰,好友积分,2100
信念相承，为信而驰,金币,320000
信念相承，为信而驰,协助积分,116000
信念相承，为信而驰,闹钟,24
信念相承，为信而驰,启发书,10
信念相承，为信而驰,启发专业书,6
信念相承，为信而驰,能量饮料30,4
信念相承，为信而驰,干劲满溢甜点,3
信念相承，为信而驰,迷你胡萝卜果冻,2
信念相承，为信而驰,宝石,1500
信念相承，为信而驰,协助卡招募券,2
信念相承，为信而驰,梦想光辉,3
信念相承，为信而驰,女神像,20
信念相承，为信而驰,东京盛典赛优胜锦旗,2
信念相承，为信而驰,养成优俊少女招募券,2
信念相承，为信而驰,天王奖（春）优胜锦旗,2
信念相承，为信而驰,稀有启发书,2
信念相承，为信而驰,广播协会英里杯优胜锦旗,2
信念相承，为信而驰,彩虹结晶片,3
信念相承，为信而驰,全国德比优胜锦旗,2
信念相承，为信而驰,朝日杯未来锦标赛优胜锦旗,2
信念相承，为信而驰,[夜风中飞舞的祈愿之花]目白雅丹,1
信念相承，为信而驰,英里冠军赛优胜锦旗,2
信念相承，为信而驰,稀有启发专业书,1
信念相承，为信而驰,全国杯优胜锦旗,2
信念相承，为信而驰,轮盘币,600
信念相承，为信而驰,活动积分,147000
信念相承，为信而驰,Item_310119,1
Illuminate the Heart,好友积分,2100
Illuminate the Heart,金币,320000
Illuminate the Heart,协助积分,116000
Illuminate the Heart,闹钟,24
Illuminate the Heart,启发书,10
Illuminate the Heart,启发专业书,6
Illuminate the Heart,能量饮料30,4
Illuminate the Heart,干劲满溢甜点,3
Illuminate the Heart,迷你胡萝卜果冻,2
Illuminate the Heart,宝石,1500
Illuminate the Heart,协助卡招募券,2
Illuminate the Heart,梦想光辉,3
Illuminate the Heart,女神像,20
Illuminate the Heart,阪神初级少女杯赛优胜锦旗,2
Illuminate the Heart,养成优俊少女招募券,2
Illuminate the Heart,天王奖（秋）优胜锦旗,2
Illuminate the Heart,稀有启发书,2
Illuminate the Heart,全国杯优胜锦旗,2
Illuminate the Heart,彩虹结晶片,3
Illuminate the Heart,全国德比优胜锦旗,2
Illuminate the Heart,大阪杯优胜锦旗,2
Illuminate the Heart,[从现在开始Don't stop！]樱花桂冠,1
Illuminate the Heart,秋华奖优胜锦旗,2
Illuminate the Heart,稀有启发专业书,1
Illuminate the Heart,伊丽莎白女王杯优胜锦旗,2
Illuminate the Heart,轮盘币,600
Illuminate the Heart,活动积分,147000
Illuminate the Heart,Item_310120,1
Happy new future ～朝霞寄情谊～,好友积分,2100
Happy new future ～朝霞寄情谊～,金币,320000
Happy new future ～朝霞寄情谊～,协助积分,116000
Happy new future ～朝霞寄情谊～,闹钟,24
Happy new future ～朝霞寄情谊～,启发书,10
Happy new future ～朝霞寄情谊～,启发专业书,6
Happy new future ～朝霞寄情谊～,能量饮料30,4
Happy new future ～朝霞寄情谊～,干劲满溢甜点,3
Happy new future ～朝霞寄情谊～,迷你胡萝卜果冻,2
Happy new future ～朝霞寄情谊～,宝石,1500
Happy new future ～朝霞寄情谊～,协助卡招募券,2
Happy new future ～朝霞寄情谊～,梦想光辉,3
Happy new future ～朝霞寄情谊～,女神像,20
Happy new future ～朝霞寄情谊～,菊花奖优胜锦旗,2
Happy new future ～朝霞寄情谊～,养成优俊少女招募券,2
Happy new future ～朝霞寄情谊～,天王奖（春）优胜锦旗,2
Happy new future ～朝霞寄情谊～,稀有启发书,2
Happy new future ～朝霞寄情谊～,全国德比优胜锦旗,2
Happy new future ～朝霞寄情谊～,彩虹结晶片,3
Happy new future ～朝霞寄情谊～,大阪杯优胜锦旗,2
Happy new future ～朝霞寄情谊～,天王奖（秋）优胜锦旗,2
Happy new future ～朝霞寄情谊～,[源远流长冬夏青青]草上飞,1
Happy new future ～朝霞寄情谊～,全国杯优胜锦旗,2
Happy new future ～朝霞寄情谊～,稀有启发专业书,1
Happy new future ～朝霞寄情谊～,中山大奖赛优胜锦旗,2
Happy new future ～朝霞寄情谊～,轮盘币,600
Happy new future ～朝霞寄情谊～,活动积分,147000
Happy new future ～朝霞寄情谊～,Item_310121,1
甜蜜回忆·下午茶时光,好友积分,2100
甜蜜回忆·下午茶时光,金币,320000
甜蜜回忆·下午茶时光,协助积分,116000
甜蜜回忆·下午茶时光,闹钟,24
甜蜜回忆·下午茶时光,启发书,10
甜蜜回忆·下午茶时光,启发专业书,6
甜蜜回忆·下午茶时光,能量饮料30,4
甜蜜回忆·下午茶时光,干劲满溢甜点,3
甜蜜回忆·下午茶时光,迷你胡萝卜果冻,2
甜蜜回忆·下午茶时光,宝石,1500
甜蜜回忆·下午茶时光,协助卡招募券,2
甜蜜回忆·下午茶时光,梦想光辉,3
甜蜜回忆·下午茶时光,女神像,20
甜蜜回忆·下午茶时光,大阪杯优胜锦旗,2
甜蜜回忆·下午茶时光,养成优俊少女招募券,2
甜蜜回忆·下午茶时光,皋月奖优胜锦旗,2
甜蜜回忆·下午茶时光,稀有启发书,2
甜蜜回忆·下午茶时光,全国德比优胜锦旗,2
甜蜜回忆·下午茶时光,彩虹结晶片,3
甜蜜回忆·下午茶时光,宝冢纪念优胜锦旗,2
甜蜜回忆·下午茶时光,菊花奖优胜锦旗,2
甜蜜回忆·下午茶时光,[让笑容绽放的黑巧]菱曙,1
甜蜜回忆·下午茶时光,天王奖（秋）优胜锦旗,2
甜蜜回忆·下午茶时光,稀有启发专业书,1
甜蜜回忆·下午茶时光,朝日杯未来锦标赛优胜锦旗,2
甜蜜回忆·下午茶时光,轮盘币,600
甜蜜回忆·下午茶时光,活动积分,147000
甜蜜回忆·下午茶时光,Item_310122,1
Leap into a New World!,好友积分,2100
Leap into a New World!,金币,330000
Leap into a New World!,协助积分,116000
Leap into a New World!,闹钟,24
Leap into a New World!,启发书,10
Leap into a New World!,启发专业书,6
Leap into a New World!,能量饮料30,4
Leap into a New World!,干劲满溢甜点,3
Leap into a New World!,迷你胡萝卜果冻,2
Leap into a New World!,宝石,1500
Leap into a New World!,协助卡招募券,2
Leap into a New World!,梦想光辉,3
Leap into a New World!,女神像,20
Leap into a New World!,皋月奖优胜锦旗,2
Leap into a New World!,养成优俊少女招募券,2
Leap into a New World!,中山大奖赛优胜锦旗,2
Leap into a New World!,稀有启发书,2
Leap into a New World!,全国德比优胜锦旗,2
Leap into a New World!,彩虹结晶片,3
Leap into a New World!,天王奖（秋）优胜锦旗,2
Leap into a New World!,菊花奖优胜锦旗,2
Leap into a New World!,[高举熊熊燃烧的灯火]葛城荣主,1
Leap into a New World!,希望锦标赛优胜锦旗,2
Leap into a New World!,稀有启发专业书,1
Leap into a New World!,大阪杯优胜锦旗,2
Leap into a New World!,轮盘币,600
Leap into a New World!,活动积分,147000
Leap into a New World!,Item_310123,1
惟由君故，方使我怜,好友积分,2100
惟由君故，方使我怜,金币,320000
惟由君故，方使我怜,协助积分,116000
惟由君故，方使我怜,闹钟,24
惟由君故，方使我怜,启发书,10
惟由君故，方使我怜,启发专业书,6
惟由君故，方使我怜,能量饮料30,4
惟由君故，方使我怜,干劲满溢甜点,3
惟由君故，方使我怜,迷你胡萝卜果冻,2
惟由君故，方使我怜,宝石,1500
惟由君故，方使我怜,协助卡招募券,2
惟由君故，方使我怜,梦想光辉,3
惟由君故，方使我怜,女神像,20
惟由君故，方使我怜,大阪杯优胜锦旗,2
惟由君故，方使我怜,养成优俊少女招募券,2
惟由君故，方使我怜,皋月奖优胜锦旗,2
惟由君故，方使我怜,稀有启发书,2
惟由君故，方使我怜,全国德比优胜锦旗,2
惟由君故，方使我怜,彩虹结晶片,3
惟由君故，方使我怜,东京英里赛优胜锦旗,2
惟由君故，方使我怜,天王奖（秋）优胜锦旗,2
惟由君故，方使我怜,[比翼的华尔兹]东海帝王,1
惟由君故，方使我怜,全国杯优胜锦旗,2
惟由君故，方使我怜,稀有启发专业书,1
惟由君故，方使我怜,朝日杯未来锦标赛优胜锦旗,2
惟由君故，方使我怜,轮盘币,600
惟由君故，方使我怜,活动积分,147000
惟由君故，方使我怜,Item_310124,1
神机妙算？！春日！激战魔鬼躲避球,好友积分,2100
神机妙算？！春日！激战魔鬼躲避球,金币,320000
神机妙算？！春日！激战魔鬼躲避球,协助积分,116000
神机妙算？！春日！激战魔鬼躲避球,闹钟,24
神机妙算？！春日！激战魔鬼躲避球,启发书,10
神机妙算？！春日！激战魔鬼躲避球,启发专业书,6
神机妙算？！春日！激战魔鬼躲避球,能量饮料30,4
神机妙算？！春日！激战魔鬼躲避球,干劲满溢甜点,3
神机妙算？！春日！激战魔鬼躲避球,迷你胡萝卜果冻,2
神机妙算？！春日！激战魔鬼躲避球,宝石,1500
神机妙算？！春日！激战魔鬼躲避球,协助卡招募券,2
神机妙算？！春日！激战魔鬼躲避球,梦想光辉,3
神机妙算？！春日！激战魔鬼躲避球,女神像,20
神机妙算？！春日！激战魔鬼躲避球,短途者锦标赛优胜锦旗,2
神机妙算？！春日！激战魔鬼躲避球,养成优俊少女招募券,2
神机妙算？！春日！激战魔鬼躲避球,全国德比优胜锦旗,2
神机妙算？！春日！激战魔鬼躲避球,稀有启发书,2
神机妙算？！春日！激战魔鬼躲避球,英里冠军赛优胜锦旗,2
神机妙算？！春日！激战魔鬼躲避球,彩虹结晶片,3
神机妙算？！春日！激战魔鬼躲避球,天王奖（春）优胜锦旗,2
神机妙算？！春日！激战魔鬼躲避球,广播协会英里杯优胜锦旗,2
神机妙算？！春日！激战魔鬼躲避球,[终抵之处的风景]生野狄杜斯,1
神机妙算？！春日！激战魔鬼躲避球,菊花奖优胜锦旗,2
神机妙算？！春日！激战魔鬼躲避球,稀有启发专业书,1
神机妙算？！春日！激战魔鬼躲避球,东京英里赛优胜锦旗,2
神机妙算？！春日！激战魔鬼躲避球,轮盘币,600
神机妙算？！春日！激战魔鬼躲避球,活动积分,147000
神机妙算？！春日！激战魔鬼躲避球,Item_310125,1
宣誓，向奋战的你求婚,好友积分,2100
宣誓，向奋战的你求婚,金币,320000
宣誓，向奋战的你求婚,协助积分,116000
宣誓，向奋战的你求婚,闹钟,24
宣誓，向奋战的你求婚,启发书,10
宣誓，向奋战的你求婚,启发专业书,6
宣誓，向奋战的你求婚,能量饮料30,4
宣誓，向奋战的你求婚,干劲满溢甜点,3
宣誓，向奋战的你求婚,迷你胡萝卜果冻,2
宣誓，向奋战的你求婚,宝石,1500
宣誓，向奋战的你求婚,协助卡招募券,2
宣誓，向奋战的你求婚,梦想光辉,3
宣誓，向奋战的你求婚,女神像,20
宣誓，向奋战的你求婚,短途者锦标赛优胜锦旗,2
宣誓，向奋战的你求婚,养成优俊少女招募券,2
宣誓，向奋战的你求婚,伊丽莎白女王杯优胜锦旗,2
宣誓，向奋战的你求婚,稀有启发书,2
宣誓，向奋战的你求婚,英里冠军赛优胜锦旗,2
宣誓，向奋战的你求婚,彩虹结晶片,3
宣誓，向奋战的你求婚,阪神初级少女杯赛优胜锦旗,2
宣誓，向奋战的你求婚,全国杯优胜锦旗,2
宣誓，向奋战的你求婚,[点燃心火！！]伏特加,1
宣誓，向奋战的你求婚,中山大奖赛优胜锦旗,2
宣誓，向奋战的你求婚,稀有启发专业书,1
宣誓，向奋战的你求婚,樱花奖优胜锦旗,2
宣誓，向奋战的你求婚,轮盘币,600
宣誓，向奋战的你求婚,活动积分,147000
宣誓，向奋战的你求婚,Item_310126,1
#summer #besties,好友积分,2100
#summer #besties,金币,320000
#summer #besties,协助积分,116000
#summer #besties,闹钟,24
#summer #besties,启发书,10
#summer #besties,启发专业书,6
#summer #besties,能量饮料30,4
#summer #besties,干劲满溢甜点,3
#summer #besties,迷你胡萝卜果冻,2
#summer #besties,宝石,1500
#summer #besties,协助卡招募券,2
#summer #besties,梦想光辉,3
#summer #besties,女神像,20
#summer #besties,中京短途赛优胜锦旗,2
#summer #besties,养成优俊少女招募券,2
#summer #besties,希望锦标赛优胜锦旗,2
#summer #besties,稀有启发书,2
#summer #besties,短途者锦标赛优胜锦旗,2
#summer #besties,彩虹结晶片,3
#summer #besties,天王奖（秋）优胜锦旗,2
#summer #besties,东京英里赛优胜锦旗,2
#summer #besties,[#夏天 #全新的我]大拓太阳神,1
#summer #besties,全国杯优胜锦旗,2
#summer #besties,稀有启发专业书,1
#summer #besties,宝冢纪念优胜锦旗,2
#summer #besties,轮盘币,600
#summer #besties,活动积分,147000
#summer #besties,Item_310127,1
夏阳碧空，煦日无风,好友积分,2100
夏阳碧空，煦日无风,金币,320000
夏阳碧空，煦日无风,协助积分,116000
夏阳碧空，煦日无风,闹钟,24
夏阳碧空，煦日无风,启发书,10
夏阳碧空，煦日无风,启发专业书,6
夏阳碧空，煦日无风,能量饮料30,4
夏阳碧空，煦日无风,干劲满溢甜点,3
夏阳碧空，煦日无风,迷你胡萝卜果冻,2
夏阳碧空，煦日无风,宝石,1500
夏阳碧空，煦日无风,协助卡招募券,2
夏阳碧空，煦日无风,梦想光辉,3
夏阳碧空，煦日无风,女神像,20
夏阳碧空，煦日无风,皋月奖优胜锦旗,2
夏阳碧空，煦日无风,养成优俊少女招募券,2
夏阳碧空，煦日无风,天王奖（秋）优胜锦旗,2
夏阳碧空，煦日无风,稀有启发书,2
夏阳碧空，煦日无风,中山大奖赛优胜锦旗,2
夏阳碧空，煦日无风,彩虹结晶片,3
夏阳碧空，煦日无风,大阪杯优胜锦旗,2
夏阳碧空，煦日无风,全国德比优胜锦旗,2
夏阳碧空，煦日无风,[Seaside Bloom]气槽,1
夏阳碧空，煦日无风,宝冢纪念优胜锦旗,2
夏阳碧空，煦日无风,稀有启发专业书,1
夏阳碧空，煦日无风,英里冠军赛优胜锦旗,2
夏阳碧空，煦日无风,轮盘币,600
夏阳碧空，煦日无风,活动积分,147000
夏阳碧空，煦日无风,Item_310128,1
フェアウェルを継ぎ接いで,好友积分,2100
フェアウェルを継ぎ接いで,金币,320000
フェアウェルを継ぎ接いで,协助积分,116000
フェアウェルを継ぎ接いで,闹钟,24
フェアウェルを継ぎ接いで,启发书,20
フェアウェルを継ぎ接いで,启发专业书,10
フェアウェルを継ぎ接いで,能量饮料30,4
フェアウェルを継ぎ接いで,干劲满溢甜点,3
フェアウェルを継ぎ接いで,迷你胡萝卜果冻,2
フェアウェルを継ぎ接いで,宝石,1500
フェアウェルを継ぎ接いで,协助卡招募券,2
フェアウェルを継ぎ接いで,梦想光辉,40
フェアウェルを継ぎ接いで,女神像,20
フェアウェルを継ぎ接いで,皋月奖优胜锦旗,2
フェアウェルを継ぎ接いで,养成优俊少女招募券,2
フェアウェルを継ぎ接いで,天王奖（春）优胜锦旗,2
フェアウェルを継ぎ接いで,稀有启发书,10
フェアウェルを継ぎ接いで,菊花奖优胜锦旗,2
フェアウェルを継ぎ接いで,彩虹结晶片,3
フェアウェルを継ぎ接いで,中山大奖赛优胜锦旗,2
フェアウェルを継ぎ接いで,天王奖（秋）优胜锦旗,2
フェアウェルを継ぎ接いで,[Hello my clover]ファインモーション,1
フェアウェルを継ぎ接いで,回忆书签,1
フェアウェルを継ぎ接いで,稀有启发专业书,4
フェアウェルを継ぎ接いで,全国杯优胜锦旗,2
フェアウェルを継ぎ接いで,轮盘币,600
フェアウェルを継ぎ接いで,活动积分,147000
フェアウェルを継ぎ接いで,Item_310129,1
秋さびて、想ひ綴る,好友积分,2100
秋さびて、想ひ綴る,金币,320000
秋さびて、想ひ綴る,协助积分,116000
秋さびて、想ひ綴る,闹钟,24
秋さびて、想ひ綴る,启发书,20
秋さびて、想ひ綴る,启发专业书,10
秋さびて、想ひ綴る,能量饮料30,4
秋さびて、想ひ綴る,干劲满溢甜点,3
秋さびて、想ひ綴る,迷你胡萝卜果冻,2
秋さびて、想ひ綴る,宝石,1500
秋さびて、想ひ綴る,协助卡招募券,2
秋さびて、想ひ綴る,梦想光辉,40
秋さびて、想ひ綴る,女神像,20
秋さびて、想ひ綴る,奥克斯优胜锦旗,2
秋さびて、想ひ綴る,养成优俊少女招募券,2
秋さびて、想ひ綴る,天王奖（春）优胜锦旗,2
秋さびて、想ひ綴る,稀有启发书,10
秋さびて、想ひ綴る,秋华奖优胜锦旗,2
秋さびて、想ひ綴る,彩虹结晶片,3
秋さびて、想ひ綴る,中山大奖赛优胜锦旗,2
秋さびて、想ひ綴る,菊花奖优胜锦旗,2
秋さびて、想ひ綴る,[ああ、楽しや、楽しや！]ハルウララ,1
秋さびて、想ひ綴る,回忆书签,1
秋さびて、想ひ綴る,稀有启发专业书,4
秋さびて、想ひ綴る,宝冢纪念优胜锦旗,2
秋さびて、想ひ綴る,轮盘币,600
秋さびて、想ひ綴る,活动积分,147000
秋さびて、想ひ綴る,Item_310130,1
A Gleaming Mejiro Gala,好友积分,2100
A Gleaming Mejiro Gala,金币,320000
A Gleaming Mejiro Gala,协助积分,116000
A Gleaming Mejiro Gala,闹钟,24
A Gleaming Mejiro Gala,启发书,20
A Gleaming Mejiro Gala,启发专业书,10
A Gleaming Mejiro Gala,能量饮料30,4
A Gleaming Mejiro Gala,干劲满溢甜点,3
A Gleaming Mejiro Gala,迷你胡萝卜果冻,2
A Gleaming Mejiro Gala,宝石,1500
A Gleaming Mejiro Gala,协助卡招募券,2
A Gleaming Mejiro Gala,梦想光辉,40
A Gleaming Mejiro Gala,女神像,20
A Gleaming Mejiro Gala,天王奖（春）优胜锦旗,2
A Gleaming Mejiro Gala,养成优俊少女招募券,2
A Gleaming Mejiro Gala,全国德比优胜锦旗,2
A Gleaming Mejiro Gala,稀有启发书,10
A Gleaming Mejiro Gala,菊花奖优胜锦旗,2
A Gleaming Mejiro Gala,彩虹结晶片,3
A Gleaming Mejiro Gala,全国杯优胜锦旗,2
A Gleaming Mejiro Gala,希望锦标赛优胜锦旗,2
A Gleaming Mejiro Gala,[選んで選んで、想いを込めて]メジロライアン,1
A Gleaming Mejiro Gala,回忆书签,1
A Gleaming Mejiro Gala,稀有启发专业书,4
A Gleaming Mejiro Gala,中山大奖赛优胜锦旗,2
A Gleaming Mejiro Gala,轮盘币,600
A Gleaming Mejiro Gala,活动积分,147000
A Gleaming Mejiro Gala,Item_310131,1
ワタシモミンナノ,好友积分,2100
ワタシモミンナノ,金币,320000
ワタシモミンナノ,协助积分,116000
ワタシモミンナノ,闹钟,24
ワタシモミンナノ,启发书,20
ワタシモミンナノ,启发专业书,10
ワタシモミンナノ,能量饮料30,4
ワタシモミンナノ,干劲满溢甜点,3
ワタシモミンナノ,迷你胡萝卜果冻,2
ワタシモミンナノ,宝石,1500
ワタシモミンナノ,协助卡招募券,2
ワタシモミンナノ,梦想光辉,40
ワタシモミンナノ,女神像,20
ワタシモミンナノ,天王奖（春）优胜锦旗,2
ワタシモミンナノ,养成优俊少女招募券,2
ワタシモミンナノ,菊花奖优胜锦旗,2
ワタシモミンナノ,稀有启发书,10
ワタシモミンナノ,全国杯优胜锦旗,2
ワタシモミンナノ,彩虹结晶片,3
ワタシモミンナノ,中山大奖赛优胜锦旗,2
ワタシモミンナノ,天王奖（秋）优胜锦旗,2
ワタシモミンナノ,[ウタエミンナノ]ツインターボ,1
ワタシモミンナノ,回忆书签,1
ワタシモミンナノ,稀有启发专业书,4
ワタシモミンナノ,[この先も！]刻み続ける者たち,1
ワタシモミンナノ,轮盘币,600
ワタシモミンナノ,活动积分,147000
ワタシモミンナノ,Item_310132,1
おでんせ！和みの幸味庵,好友积分,2100
おでんせ！和みの幸味庵,金币,320000
おでんせ！和みの幸味庵,协助积分,116000
おでんせ！和みの幸味庵,闹钟,24
おでんせ！和みの幸味庵,启发书,20
おでんせ！和みの幸味庵,启发专业书,10
おでんせ！和みの幸味庵,能量饮料30,4
おでんせ！和みの幸味庵,干劲满溢甜点,3
おでんせ！和みの幸味庵,迷你胡萝卜果冻,2
おでんせ！和みの幸味庵,宝石,1500
おでんせ！和みの幸味庵,协助卡招募券,2
おでんせ！和みの幸味庵,梦想光辉,40
おでんせ！和みの幸味庵,女神像,20
おでんせ！和みの幸味庵,天王奖（春）优胜锦旗,2
おでんせ！和みの幸味庵,养成优俊少女招募券,2
おでんせ！和みの幸味庵,樱花奖优胜锦旗,2
おでんせ！和みの幸味庵,稀有启发书,10
おでんせ！和みの幸味庵,菊花奖优胜锦旗,2
おでんせ！和みの幸味庵,彩虹结晶片,3
おでんせ！和みの幸味庵,奥克斯优胜锦旗,2
おでんせ！和みの幸味庵,伊丽莎白女王杯优胜锦旗,2
おでんせ！和みの幸味庵,[ゴー・ファッショニスタ！]ノースフライト,1
おでんせ！和みの幸味庵,回忆书签,1
おでんせ！和みの幸味庵,稀有启发专业书,4
おでんせ！和みの幸味庵,中山大奖赛优胜锦旗,2
おでんせ！和みの幸味庵,轮盘币,600
おでんせ！和みの幸味庵,活动积分,147000
おでんせ！和みの幸味庵,Item_310133,1
彗星蘭の君へ～Let's dance now!～,好友积分,2100
彗星蘭の君へ～Let's dance now!～,金币,420000
彗星蘭の君へ～Let's dance now!～,协助积分,146000
彗星蘭の君へ～Let's dance now!～,闹钟,36
彗星蘭の君へ～Let's dance now!～,启发书,20
彗星蘭の君へ～Let's dance now!～,启发专业书,10
彗星蘭の君へ～Let's dance now!～,能量饮料30,6
彗星蘭の君へ～Let's dance now!～,干劲满溢甜点,3
彗星蘭の君へ～Let's dance now!～,迷你胡萝卜果冻,2
彗星蘭の君へ～Let's dance now!～,宝石,2250
彗星蘭の君へ～Let's dance now!～,协助卡招募券,2
彗星蘭の君へ～Let's dance now!～,梦想光辉,40
彗星蘭の君へ～Let's dance now!～,女神像,25
彗星蘭の君へ～Let's dance now!～,英里冠军赛优胜锦旗,2
彗星蘭の君へ～Let's dance now!～,养成优俊少女招募券,2
彗星蘭の君へ～Let's dance now!～,东京英里赛优胜锦旗,2
彗星蘭の君へ～Let's dance now!～,稀有启发书,10
彗星蘭の君へ～Let's dance now!～,中京短途赛优胜锦旗,2
彗星蘭の君へ～Let's dance now!～,彩虹结晶片,3
彗星蘭の君へ～Let's dance now!～,短途者锦标赛优胜锦旗,2
彗星蘭の君へ～Let's dance now!～,樱花奖优胜锦旗,2
彗星蘭の君へ～Let's dance now!～,[Burning!!]バンブーメモリー,1
彗星蘭の君へ～Let's dance now!～,回忆书签,1
彗星蘭の君へ～Let's dance now!～,稀有启发专业书,4
彗星蘭の君へ～Let's dance now!～,阪神初级少女杯赛优胜锦旗,2
彗星蘭の君へ～Let's dance now!～,轮盘币,600
彗星蘭の君へ～Let's dance now!～,活动积分,147000
彗星蘭の君へ～Let's dance now!～,Item_310134,1
下剋上、兵どもが鬨の声,好友积分,2100
下剋上、兵どもが鬨の声,金币,420000
下剋上、兵どもが鬨の声,协助积分,146000
下剋上、兵どもが鬨の声,闹钟,36
下剋上、兵どもが鬨の声,启发书,20
下剋上、兵どもが鬨の声,启发专业书,10
下剋上、兵どもが鬨の声,能量饮料30,6
下剋上、兵どもが鬨の声,干劲满溢甜点,3
下剋上、兵どもが鬨の声,迷你胡萝卜果冻,2
下剋上、兵どもが鬨の声,宝石,2250
下剋上、兵どもが鬨の声,协助卡招募券,2
下剋上、兵どもが鬨の声,梦想光辉,40
下剋上、兵どもが鬨の声,女神像,25
下剋上、兵どもが鬨の声,天王奖（春）优胜锦旗,2
下剋上、兵どもが鬨の声,养成优俊少女招募券,2
下剋上、兵どもが鬨の声,皋月奖优胜锦旗,2
下剋上、兵どもが鬨の声,稀有启发书,10
下剋上、兵どもが鬨の声,菊花奖优胜锦旗,2
下剋上、兵どもが鬨の声,彩虹结晶片,3
下剋上、兵どもが鬨の声,宝冢纪念优胜锦旗,2
下剋上、兵どもが鬨の声,全国德比优胜锦旗,2
下剋上、兵どもが鬨の声,[大胆不敵の兵よ]ノーリーズン,1
下剋上、兵どもが鬨の声,回忆书签,1
下剋上、兵どもが鬨の声,稀有启发专业书,4
下剋上、兵どもが鬨の声,中山大奖赛优胜锦旗,2
下剋上、兵どもが鬨の声,轮盘币,600
下剋上、兵どもが鬨の声,活动积分,147000
下剋上、兵どもが鬨の声,Item_310135,1
拝啓、波真珠の私より,好友积分,2100
拝啓、波真珠の私より,金币,420000
拝啓、波真珠の私より,协助积分,146000
拝啓、波真珠の私より,闹钟,36
拝啓、波真珠の私より,启发书,20
拝啓、波真珠の私より,启发专业书,10
拝啓、波真珠の私より,能量饮料30,6
拝啓、波真珠の私より,干劲满溢甜点,3
拝啓、波真珠の私より,迷你胡萝卜果冻,2
拝啓、波真珠の私より,宝石,2250
拝啓、波真珠の私より,协助卡招募券,2
拝啓、波真珠の私より,梦想光辉,40
拝啓、波真珠の私より,女神像,25
拝啓、波真珠の私より,中京短途赛优胜锦旗,2
拝啓、波真珠の私より,养成优俊少女招募券,2
拝啓、波真珠の私より,伊丽莎白女王杯优胜锦旗,2
拝啓、波真珠の私より,稀有启发书,10
拝啓、波真珠の私より,短途者锦标赛优胜锦旗,2
拝啓、波真珠の私より,彩虹结晶片,3
拝啓、波真珠の私より,宝冢纪念优胜锦旗,2
拝啓、波真珠の私より,秋华奖优胜锦旗,2
拝啓、波真珠の私より,[紺碧の戴冠式]ヴィルシーナ,1
拝啓、波真珠の私より,回忆书签,1
拝啓、波真珠の私より,稀有启发专业书,4
拝啓、波真珠の私より,天王奖（秋）优胜锦旗,2
拝啓、波真珠の私より,轮盘币,600
拝啓、波真珠の私より,活动积分,147000
拝啓、波真珠の私より,Item_310136,1
夕映えは渚のJugend,好友积分,2100
夕映えは渚のJugend,金币,420000
夕映えは渚のJugend,协助积分,146000
夕映えは渚のJugend,闹钟,36
夕映えは渚のJugend,启发书,20
夕映えは渚のJugend,启发专业书,10
夕映えは渚のJugend,能量饮料30,6
夕映えは渚のJugend,干劲满溢甜点,3
夕映えは渚のJugend,迷你胡萝卜果冻,2
夕映えは渚のJugend,宝石,2250
夕映えは渚のJugend,协助卡招募券,2
夕映えは渚のJugend,梦想光辉,40
夕映えは渚のJugend,女神像,25
夕映えは渚のJugend,全国德比优胜锦旗,2
夕映えは渚のJugend,养成优俊少女招募券,2
夕映えは渚のJugend,川崎纪念优胜锦旗,2
夕映えは渚のJugend,稀有启发书,10
夕映えは渚のJugend,天王奖（秋）优胜锦旗,2
夕映えは渚のJugend,彩虹结晶片,3
夕映えは渚のJugend,东京盛典赛优胜锦旗,2
夕映えは渚のJugend,全国杯优胜锦旗,2
夕映えは渚のJugend,[あの夏のキリトリ線]ワンダーアキュート,1
夕映えは渚のJugend,回忆书签,1
夕映えは渚のJugend,稀有启发专业书,4
夕映えは渚のJugend,柏市纪念优胜锦旗,2
夕映えは渚のJugend,轮盘币,600
夕映えは渚のJugend,活动积分,147000
夕映えは渚のJugend,Item_310137,1
あなたと仰ぐハーベストムーン,好友积分,2100
あなたと仰ぐハーベストムーン,金币,840000
あなたと仰ぐハーベストムーン,协助积分,146000
あなたと仰ぐハーベストムーン,闹钟,36
あなたと仰ぐハーベストムーン,启发书,22
あなたと仰ぐハーベストムーン,启发专业书,13
あなたと仰ぐハーベストムーン,能量饮料30,6
あなたと仰ぐハーベストムーン,干劲满溢甜点,3
あなたと仰ぐハーベストムーン,迷你胡萝卜果冻,2
あなたと仰ぐハーベストムーン,宝石,2250
あなたと仰ぐハーベストムーン,协助卡招募券,2
あなたと仰ぐハーベストムーン,梦想光辉,100
あなたと仰ぐハーベストムーン,稀有启发书,16
あなたと仰ぐハーベストムーン,女神像,25
あなたと仰ぐハーベストムーン,皋月奖优胜锦旗,2
あなたと仰ぐハーベストムーン,养成优俊少女招募券,2
あなたと仰ぐハーベストムーン,全国德比优胜锦旗,2
あなたと仰ぐハーベストムーン,稀有启发专业书,7
あなたと仰ぐハーベストムーン,宝冢纪念优胜锦旗,2
あなたと仰ぐハーベストムーン,彩虹结晶片,3
あなたと仰ぐハーベストムーン,天王奖（秋）优胜锦旗,2
あなたと仰ぐハーベストムーン,全国杯优胜锦旗,2
あなたと仰ぐハーベストムーン,[Rewarding Job]シンボリクリスエス,1
あなたと仰ぐハーベストムーン,回忆书签,1
あなたと仰ぐハーベストムーン,中山大奖赛优胜锦旗,2
あなたと仰ぐハーベストムーン,轮盘币,600
あなたと仰ぐハーベストムーン,活动积分,147000
あなたと仰ぐハーベストムーン,Item_310138,1
スラップスティック・クラッシュ！,好友积分,2100
スラップスティック・クラッシュ！,金币,840000
スラップスティック・クラッシュ！,协助积分,146000
スラップスティック・クラッシュ！,闹钟,36
スラップスティック・クラッシュ！,启发书,22
スラップスティック・クラッシュ！,启发专业书,13
スラップスティック・クラッシュ！,能量饮料30,6
スラップスティック・クラッシュ！,干劲满溢甜点,3
スラップスティック・クラッシュ！,迷你胡萝卜果冻,2
スラップスティック・クラッシュ！,宝石,2250
スラップスティック・クラッシュ！,协助卡招募券,2
スラップスティック・クラッシュ！,梦想光辉,100
スラップスティック・クラッシュ！,稀有启发书,16
スラップスティック・クラッシュ！,女神像,25
スラップスティック・クラッシュ！,东京英里赛优胜锦旗,2
スラップスティック・クラッシュ！,养成优俊少女招募券,2
スラップスティック・クラッシュ！,中山大奖赛优胜锦旗,2
スラップスティック・クラッシュ！,稀有启发专业书,7
スラップスティック・クラッシュ！,天王奖（春）优胜锦旗,2
スラップスティック・クラッシュ！,彩虹结晶片,3
スラップスティック・クラッシュ！,广播协会英里杯优胜锦旗,2
スラップスティック・クラッシュ！,菊花奖优胜锦旗,2
スラップスティック・クラッシュ！,[メークパワートリオ]マチカネフクキタル,1
スラップスティック・クラッシュ！,回忆书签,1
スラップスティック・クラッシュ！,阪神初级少女杯赛优胜锦旗,2
スラップスティック・クラッシュ！,轮盘币,600
スラップスティック・クラッシュ！,活动积分,147000
スラップスティック・クラッシュ！,Item_310139,1
つどい歌えよ、星々よ！,好友积分,2100
つどい歌えよ、星々よ！,金币,840000
つどい歌えよ、星々よ！,协助积分,146000
つどい歌えよ、星々よ！,闹钟,36
つどい歌えよ、星々よ！,启发书,22
つどい歌えよ、星々よ！,启发专业书,13
つどい歌えよ、星々よ！,能量饮料30,6
つどい歌えよ、星々よ！,干劲满溢甜点,3
つどい歌えよ、星々よ！,迷你胡萝卜果冻,2
つどい歌えよ、星々よ！,宝石,2250
つどい歌えよ、星々よ！,协助卡招募券,2
つどい歌えよ、星々よ！,梦想光辉,100
つどい歌えよ、星々よ！,稀有启发书,16
つどい歌えよ、星々よ！,女神像,25
つどい歌えよ、星々よ！,希望锦标赛优胜锦旗,2
つどい歌えよ、星々よ！,养成优俊少女招募券,2
つどい歌えよ、星々よ！,皋月奖优胜锦旗,2
つどい歌えよ、星々よ！,稀有启发专业书,7
つどい歌えよ、星々よ！,全国德比优胜锦旗,2
つどい歌えよ、星々よ！,彩虹结晶片,3
つどい歌えよ、星々よ！,菊花奖优胜锦旗,2
つどい歌えよ、星々よ！,天王奖（秋）优胜锦旗,2
つどい歌えよ、星々よ！,[王を統べて覇す者]テイエムオペラオー,1
つどい歌えよ、星々よ！,回忆书签,1
つどい歌えよ、星々よ！,全国杯优胜锦旗,2
つどい歌えよ、星々よ！,轮盘币,600
つどい歌えよ、星々よ！,活动积分,147000
つどい歌えよ、星々よ！,Item_310140,1
画竜、暁風を呼ぶ,好友积分,2100
画竜、暁風を呼ぶ,金币,840000
画竜、暁風を呼ぶ,协助积分,146000
画竜、暁風を呼ぶ,闹钟,36
画竜、暁風を呼ぶ,启发书,22
画竜、暁風を呼ぶ,启发专业书,13
画竜、暁風を呼ぶ,能量饮料30,6
画竜、暁風を呼ぶ,干劲满溢甜点,3
画竜、暁風を呼ぶ,迷你胡萝卜果冻,2
画竜、暁風を呼ぶ,宝石,2250
画竜、暁風を呼ぶ,协助卡招募券,2
画竜、暁風を呼ぶ,梦想光辉,100
画竜、暁風を呼ぶ,稀有启发书,16
画竜、暁風を呼ぶ,女神像,25
画竜、暁風を呼ぶ,全国杯优胜锦旗,2
画竜、暁風を呼ぶ,养成优俊少女招募券,2
画竜、暁風を呼ぶ,大阪杯优胜锦旗,2
画竜、暁風を呼ぶ,稀有启发专业书,7
画竜、暁風を呼ぶ,宝冢纪念优胜锦旗,2
画竜、暁風を呼ぶ,彩虹结晶片,3
画竜、暁風を呼ぶ,菊花奖优胜锦旗,2
画竜、暁風を呼ぶ,全国德比优胜锦旗,2
画竜、暁風を呼ぶ,[ふりさけみれば天花のわらう]マルゼンスキー,1
画竜、暁風を呼ぶ,回忆书签,1
画竜、暁風を呼ぶ,中山大奖赛优胜锦旗,2
画竜、暁風を呼ぶ,轮盘币,600
画竜、暁風を呼ぶ,活动积分,147000
画竜、暁風を呼ぶ,Item_310141,1
Melty♡ for U,好友积分,2100
Melty♡ for U,金币,840000
Melty♡ for U,协助积分,146000
Melty♡ for U,闹钟,36
Melty♡ for U,启发书,22
Melty♡ for U,启发专业书,13
Melty♡ for U,能量饮料30,6
Melty♡ for U,干劲满溢甜点,3
Melty♡ for U,迷你胡萝卜果冻,2
Melty♡ for U,宝石,2250
Melty♡ for U,协助卡招募券,2
Melty♡ for U,梦想光辉,100
Melty♡ for U,稀有启发书,16
Melty♡ for U,女神像,25
Melty♡ for U,短途者锦标赛优胜锦旗,2
Melty♡ for U,养成优俊少女招募券,2
Melty♡ for U,阪神初级少女杯赛优胜锦旗,2
Melty♡ for U,稀有启发专业书,7
Melty♡ for U,樱花奖优胜锦旗,2
Melty♡ for U,彩虹结晶片,3
Melty♡ for U,广播协会英里杯优胜锦旗,2
Melty♡ for U,英里冠军赛优胜锦旗,2
Melty♡ for U,[これきり、特別ですよ？]ナイスネイチャ,1
Melty♡ for U,回忆书签,1
Melty♡ for U,天王奖（秋）优胜锦旗,2
Melty♡ for U,轮盘币,600
Melty♡ for U,活动积分,147000
Melty♡ for U,Item_310142,1
Phantasmagoria　～幻踏～,好友积分,2100
Phantasmagoria　～幻踏～,金币,840000
Phantasmagoria　～幻踏～,协助积分,146000
Phantasmagoria　～幻踏～,闹钟,36
Phantasmagoria　～幻踏～,启发书,22
Phantasmagoria　～幻踏～,启发专业书,13
Phantasmagoria　～幻踏～,能量饮料30,6
Phantasmagoria　～幻踏～,干劲满溢甜点,3
Phantasmagoria　～幻踏～,迷你胡萝卜果冻,2
Phantasmagoria　～幻踏～,宝石,2250
Phantasmagoria　～幻踏～,协助卡招募券,2
Phantasmagoria　～幻踏～,梦想光辉,100
Phantasmagoria　～幻踏～,稀有启发书,16
Phantasmagoria　～幻踏～,女神像,25
Phantasmagoria　～幻踏～,东京英里赛优胜锦旗,2
Phantasmagoria　～幻踏～,养成优俊少女招募券,2
Phantasmagoria　～幻踏～,全国杯优胜锦旗,2
Phantasmagoria　～幻踏～,稀有启发专业书,7
Phantasmagoria　～幻踏～,全国德比优胜锦旗,2
Phantasmagoria　～幻踏～,彩虹结晶片,3
Phantasmagoria　～幻踏～,广播协会英里杯优胜锦旗,2
Phantasmagoria　～幻踏～,宝冢纪念优胜锦旗,2
Phantasmagoria　～幻踏～,[Operation: Escort]シンボリクリスエス,1
Phantasmagoria　～幻踏～,回忆书签,1
Phantasmagoria　～幻踏～,中山大奖赛优胜锦旗,2
Phantasmagoria　～幻踏～,轮盘币,600
Phantasmagoria　～幻踏～,活动积分,147000
Phantasmagoria　～幻踏～,Item_310143,1
宙照らす、ドリーミーナイトパレード,好友积分,2100
宙照らす、ドリーミーナイトパレード,金币,840000
宙照らす、ドリーミーナイトパレード,协助积分,146000
宙照らす、ドリーミーナイトパレード,闹钟,36
宙照らす、ドリーミーナイトパレード,启发书,22
宙照らす、ドリーミーナイトパレード,启发专业书,13
宙照らす、ドリーミーナイトパレード,能量饮料30,6
宙照らす、ドリーミーナイトパレード,干劲满溢甜点,3
宙照らす、ドリーミーナイトパレード,迷你胡萝卜果冻,2
宙照らす、ドリーミーナイトパレード,宝石,2250
宙照らす、ドリーミーナイトパレード,协助卡招募券,2
宙照らす、ドリーミーナイトパレード,梦想光辉,100
宙照らす、ドリーミーナイトパレード,稀有启发书,16
宙照らす、ドリーミーナイトパレード,女神像,25
宙照らす、ドリーミーナイトパレード,全国泥地德比优胜锦旗,2
宙照らす、ドリーミーナイトパレード,养成优俊少女招募券,2
宙照らす、ドリーミーナイトパレード,川崎纪念优胜锦旗,2
宙照らす、ドリーミーナイトパレード,稀有启发专业书,7
宙照らす、ドリーミーナイトパレード,二月锦标赛优胜锦旗,2
宙照らす、ドリーミーナイトパレード,彩虹结晶片,3
宙照らす、ドリーミーナイトパレード,帝王奖优胜锦旗,2
宙照らす、ドリーミーナイトパレード,全国育成杯经典赛优胜锦旗,2
宙照らす、ドリーミーナイトパレード,[約束のglitter]エスポワールシチー,1
宙照らす、ドリーミーナイトパレード,回忆书签,1
宙照らす、ドリーミーナイトパレード,东京盛典赛优胜锦旗,2
宙照らす、ドリーミーナイトパレード,轮盘币,600
宙照らす、ドリーミーナイトパレード,活动积分,147000
宙照らす、ドリーミーナイトパレード,Item_310144,1
青水無月の花浜匙,好友积分,2100
青水無月の花浜匙,金币,840000
青水無月の花浜匙,协助积分,146000
青水無月の花浜匙,闹钟,36
青水無月の花浜匙,启发书,22
青水無月の花浜匙,启发专业书,13
青水無月の花浜匙,能量饮料30,6
青水無月の花浜匙,干劲满溢甜点,3
青水無月の花浜匙,迷你胡萝卜果冻,2
青水無月の花浜匙,宝石,2250
青水無月の花浜匙,协助卡招募券,2
青水無月の花浜匙,梦想光辉,100
青水無月の花浜匙,稀有启发书,16
青水無月の花浜匙,女神像,25
青水無月の花浜匙,樱花奖优胜锦旗,2
青水無月の花浜匙,养成优俊少女招募券,2
青水無月の花浜匙,奥克斯优胜锦旗,2
青水無月の花浜匙,稀有启发专业书,7
青水無月の花浜匙,伊丽莎白女王杯优胜锦旗,2
青水無月の花浜匙,彩虹结晶片,3
青水無月の花浜匙,秋华奖优胜锦旗,2
青水無月の花浜匙,维多利亚英里赛优胜锦旗,2
青水無月の花浜匙,[いつか深まる若草]エアメサイア,1
青水無月の花浜匙,回忆书签,1
青水無月の花浜匙,阪神初级少女杯赛优胜锦旗,2
青水無月の花浜匙,轮盘币,600
青水無月の花浜匙,活动积分,147000
青水無月の花浜匙,Item_310145,1
サマーデイズ『キミ』グラフィティ,好友积分,2100
サマーデイズ『キミ』グラフィティ,金币,840000
サマーデイズ『キミ』グラフィティ,协助积分,146000
サマーデイズ『キミ』グラフィティ,闹钟,36
サマーデイズ『キミ』グラフィティ,启发书,22
サマーデイズ『キミ』グラフィティ,启发专业书,13
サマーデイズ『キミ』グラフィティ,能量饮料30,6
サマーデイズ『キミ』グラフィティ,干劲满溢甜点,3
サマーデイズ『キミ』グラフィティ,迷你胡萝卜果冻,2
サマーデイズ『キミ』グラフィティ,宝石,2250
サマーデイズ『キミ』グラフィティ,协助卡招募券,2
サマーデイズ『キミ』グラフィティ,梦想光辉,100
サマーデイズ『キミ』グラフィティ,稀有启发书,16
サマーデイズ『キミ』グラフィティ,女神像,25
サマーデイズ『キミ』グラフィティ,宝冢纪念优胜锦旗,2
サマーデイズ『キミ』グラフィティ,养成优俊少女招募券,2
サマーデイズ『キミ』グラフィティ,天王奖（秋）优胜锦旗,2
サマーデイズ『キミ』グラフィティ,稀有启发专业书,7
サマーデイズ『キミ』グラフィティ,全国德比优胜锦旗,2
サマーデイズ『キミ』グラフィティ,彩虹结晶片,3
サマーデイズ『キミ』グラフィティ,天王奖（春）优胜锦旗,2
サマーデイズ『キミ』グラフィティ,全国杯优胜锦旗,2
サマーデイズ『キミ』グラフィティ,[極上スマイルはっし～ん♪]ヴィブロス,1
サマーデイズ『キミ』グラフィティ,回忆书签,1
サマーデイズ『キミ』グラフィティ,菊花奖优胜锦旗,2
サマーデイズ『キミ』グラフィティ,轮盘币,600
サマーデイズ『キミ』グラフィティ,活动积分,147000
サマーデイズ『キミ』グラフィティ,Item_310146,1
ことば・こころ・ひびけ,好友积分,2100
ことば・こころ・ひびけ,金币,840000
ことば・こころ・ひびけ,协助积分,146000
ことば・こころ・ひびけ,闹钟,36
ことば・こころ・ひびけ,启发书,22
ことば・こころ・ひびけ,启发专业书,13
ことば・こころ・ひびけ,能量饮料30,6
ことば・こころ・ひびけ,干劲满溢甜点,3
ことば・こころ・ひびけ,迷你胡萝卜果冻,2
ことば・こころ・ひびけ,宝石,2250
ことば・こころ・ひびけ,协助卡招募券,2
ことば・こころ・ひびけ,梦想光辉,100
ことば・こころ・ひびけ,稀有启发书,16
ことば・こころ・ひびけ,女神像,25
ことば・こころ・ひびけ,宝冢纪念优胜锦旗,2
ことば・こころ・ひびけ,养成优俊少女招募券,2
ことば・こころ・ひびけ,全国杯优胜锦旗,2
ことば・こころ・ひびけ,稀有启发专业书,7
ことば・こころ・ひびけ,菊花奖优胜锦旗,2
ことば・こころ・ひびけ,彩虹结晶片,3
ことば・こころ・ひびけ,中京短途赛优胜锦旗,2
ことば・こころ・ひびけ,短途者锦标赛优胜锦旗,2
ことば・こころ・ひびけ,[今日が楽しかったから、]ダンツフレーム,1
ことば・こころ・ひびけ,回忆书签,1
ことば・こころ・ひびけ,朝日杯未来锦标赛优胜锦旗,2
ことば・こころ・ひびけ,轮盘币,600
ことば・こころ・ひびけ,活动积分,147000
ことば・こころ・ひびけ,Item_310147,1
Act 0：脚光、届けトラピーズ！,好友积分,2100
Act 0：脚光、届けトラピーズ！,金币,895000
Act 0：脚光、届けトラピーズ！,闹钟,36
Act 0：脚光、届けトラピーズ！,启发书,22
Act 0：脚光、届けトラピーズ！,启发专业书,13
Act 0：脚光、届けトラピーズ！,能量饮料30,6
Act 0：脚光、届けトラピーズ！,干劲满溢甜点,3
Act 0：脚光、届けトラピーズ！,迷你胡萝卜果冻,2
Act 0：脚光、届けトラピーズ！,宝石,2250
Act 0：脚光、届けトラピーズ！,协助卡招募券,2
Act 0：脚光、届けトラピーズ！,梦想光辉,100
Act 0：脚光、届けトラピーズ！,稀有启发书,16
Act 0：脚光、届けトラピーズ！,女神像,25
Act 0：脚光、届けトラピーズ！,宝冢纪念优胜锦旗,2
Act 0：脚光、届けトラピーズ！,养成优俊少女招募券,2
Act 0：脚光、届けトラピーズ！,短途者锦标赛优胜锦旗,2
Act 0：脚光、届けトラピーズ！,稀有启发专业书,7
Act 0：脚光、届けトラピーズ！,中山大奖赛优胜锦旗,2
Act 0：脚光、届けトラピーズ！,彩虹结晶片,3
Act 0：脚光、届けトラピーズ！,中京短途赛优胜锦旗,2
Act 0：脚光、届けトラピーズ！,天王奖（春）优胜锦旗,2
Act 0：脚光、届けトラピーズ！,[All-Out Brilliance]トーセンジョーダン,1
Act 0：脚光、届けトラピーズ！,回忆书签,1
Act 0：脚光、届けトラピーズ！,广播协会英里杯优胜锦旗,2
Act 0：脚光、届けトラピーズ！,轮盘币,600
Act 0：脚光、届けトラピーズ！,活动积分,147000
Act 0：脚光、届けトラピーズ！,Item_310148,1
